source,target,Weight
100路(草海公交首末站--小菜园立交桥),101路(眠山车场--小菜园立交桥5),3
100路(草海公交首末站--小菜园立交桥),104路(大观楼(大观路)--巴士家园),1
100路(草海公交首末站--小菜园立交桥),113路(大漾田公交首末站--潘家湾(人民西路)),1
100路(草海公交首末站--小菜园立交桥),115路(西苑立交桥--蓝龙潭车场),1
100路(草海公交首末站--小菜园立交桥),124路(艺术剧院--大观楼车场),1
100路(草海公交首末站--小菜园立交桥),129路(逸雅路口(华晨路)--北市区车场),1
100路(草海公交首末站--小菜园立交桥),133路(金鼎园--家乐福),1
100路(草海公交首末站--小菜园立交桥),148路(东寺街--马街),1
100路(草海公交首末站--小菜园立交桥),203路(雨花公交枢纽站--眠山车场),1
100路(草海公交首末站--小菜园立交桥),235路(翠湖南路--云南野生动物园),1
100路(草海公交首末站--小菜园立交桥),244路(苏家塘--草海公交首末站),1
101路(眠山车场--小菜园立交桥5),104路(大观楼(大观路)--巴士家园),6
101路(眠山车场--小菜园立交桥5),116路(南屏街西口--眠山车场),2
101路(眠山车场--小菜园立交桥5),119路(正义路--蓝龙潭车场),1
101路(眠山车场--小菜园立交桥5),125路(正义路--篆塘),2
101路(眠山车场--小菜园立交桥5),129路(逸雅路口(华晨路)--北市区车场),2
101路(眠山车场--小菜园立交桥5),148路(东寺街--马街),6
101路(眠山车场--小菜园立交桥5),181路(商汇路--眠山车场),1
101路(眠山车场--小菜园立交桥5),189路(西北部公交枢纽站--家乐福),1
103路(螺蛳湾公交枢纽站--岔街),109路(阳光花园小区(阳光中路)--巫家坝车场),5
103路(螺蛳湾公交枢纽站--岔街),114路(东站(环城南路)--巴士家园),1
103路(螺蛳湾公交枢纽站--岔街),118路(南屏街东口--羊甫车场),4
103路(螺蛳湾公交枢纽站--岔街),149路(菊花村--螺蛳湾公交枢纽站(怡安路)),8
103路(螺蛳湾公交枢纽站--岔街),154路(螺蛳湾公交枢纽站--银苑小区(日新路)),4
103路(螺蛳湾公交枢纽站--岔街),171路(官渡广场(国贸路)--海埂大坝车场),1
104路(大观楼(大观路)--巴士家园),105路(菊花村--巴士家园),1
104路(大观楼(大观路)--巴士家园),106路(滇池卫城小区--黄土坡),1
104路(大观楼(大观路)--巴士家园),113路(大漾田公交首末站--潘家湾(人民西路)),1
104路(大观楼(大观路)--巴士家园),115路(西苑立交桥--蓝龙潭车场),2
104路(大观楼(大观路)--巴士家园),121路(云南冶炼厂--篆塘),2
104路(大观楼(大观路)--巴士家园),139路(百汇商场--泰龙阁小区车场),1
104路(大观楼(大观路)--巴士家园),146路(眠山车场--金殿(穿金路口)),1
104路(大观楼(大观路)--巴士家园),148路(东寺街--马街),3
104路(大观楼(大观路)--巴士家园),153路(云南冶炼厂--马街),2
104路(大观楼(大观路)--巴士家园),166路(前兴路公交枢纽站--春苑小区),1
104路(大观楼(大观路)--巴士家园),168路(黄土坡--北部公交枢纽站),2
104路(大观楼(大观路)--巴士家园),184路(大观楼(大观路)--巫家坝车场(雨龙路)),1
105路(菊花村--巴士家园),108路(昆船大道--南屏街东口),1
105路(菊花村--巴士家园),114路(东站(环城南路)--巴士家园),7
105路(菊花村--巴士家园),145路(金沙小区--后新街),1
105路(菊花村--巴士家园),149路(菊花村--螺蛳湾公交枢纽站(怡安路)),1
105路(菊花村--巴士家园),234路(南屏街东口--北市区车场),2
105路(菊花村--巴士家园),K6路(巫家坝车场--幸福邻里小区),1
106路(滇池卫城小区--黄土坡),110路(官渡广场(国贸路)--篆塘),3
106路(滇池卫城小区--黄土坡),113路(大漾田公交首末站--潘家湾(人民西路)),4
106路(滇池卫城小区--黄土坡),120路(正义路--前兴路公交枢纽站),4
106路(滇池卫城小区--黄土坡),121路(云南冶炼厂--篆塘),2
106路(滇池卫城小区--黄土坡),148路(东寺街--马街),1
106路(滇池卫城小区--黄土坡),165路(云南民族村--螺蛳湾二期车场),5
106路(滇池卫城小区--黄土坡),171路(官渡广场(国贸路)--海埂大坝车场),3
106路(滇池卫城小区--黄土坡),172路(海埂公园(滇池路)--前兴路公交枢纽站),1
106路(滇池卫城小区--黄土坡),233路(高新区车场--海埂公园(滇池路)),1
106路(滇池卫城小区--黄土坡),A1路(云南民族村--世博园),1
106路(滇池卫城小区--黄土坡),A4路(云南体育学院--云南民族村),2
106路(滇池卫城小区--黄土坡),K25路(海埂公园东门--眠山车场),1
108路(昆船大道--南屏街东口),117路(凉亭(金马路)--昆明站(永平路)),6
108路(昆船大道--南屏街东口),118路(南屏街东口--羊甫车场),1
108路(昆船大道--南屏街东口),144路(白水塘上村--昆船大道),2
108路(昆船大道--南屏街东口),155路(火电公司--经开区车场),3
108路(昆船大道--南屏街东口),182路(延安医院(人民东路)--北部公交枢纽站),1
108路(昆船大道--南屏街东口),188路(信息产业基地车场--东站(环城南路)),5
108路(昆船大道--南屏街东口),236路(金瓦路口(虹桥路)--北市区车场),1
108路(昆船大道--南屏街东口),247路(银海森林小区(日新路)--金色交响家园小区),1
108路(昆船大道--南屏街东口),941路(皇冠假日酒店--潘家湾(西昌路)),1
109路(阳光花园小区(阳光中路)--巫家坝车场),110路(官渡广场(国贸路)--篆塘),2
109路(阳光花园小区(阳光中路)--巫家坝车场),112路(威远街口(护国路)--湖畔之梦小区),3
109路(阳光花园小区(阳光中路)--巫家坝车场),118路(南屏街东口--羊甫车场),4
109路(阳光花园小区(阳光中路)--巫家坝车场),120路(正义路--前兴路公交枢纽站),2
109路(阳光花园小区(阳光中路)--巫家坝车场),122路(前兴路公交枢纽站--东站(环城南路)),4
109路(阳光花园小区(阳光中路)--巫家坝车场),137路(东寺街南口--湖畔之梦小区),1
109路(阳光花园小区(阳光中路)--巫家坝车场),140路(昆明站(永平路)--羊甫车场),2
109路(阳光花园小区(阳光中路)--巫家坝车场),149路(菊花村--螺蛳湾公交枢纽站(怡安路)),1
109路(阳光花园小区(阳光中路)--巫家坝车场),162路(吴井桥(环城南路)--螺蛳湾公交枢纽站(怡安路)),2
109路(阳光花园小区(阳光中路)--巫家坝车场),166路(前兴路公交枢纽站--春苑小区),2
109路(阳光花园小区(阳光中路)--巫家坝车场),232路(官渡区政府--巫家坝车场),1
109路(阳光花园小区(阳光中路)--巫家坝车场),C85路(昆明站--大渔公园),1
10路(南屏街西口--金殿车场),17路(湖西小区站--小西门),1
10路(南屏街西口--金殿车场),22路(大观楼(大观路)--东部公交枢纽站),1
10路(南屏街西口--金殿车场),26路(黄土坡--巫家坝车场),3
10路(南屏街西口--金殿车场),29路(东部公交枢纽站--黄土坡),1
10路(南屏街西口--金殿车场),47路(昆明站(永平路)--金殿(穿金路口)),2
10路(南屏街西口--金殿车场),50路(威远街口(护国路)--金殿车场),8
10路(南屏街西口--金殿车场),55路(西南林业大学(南院路)--高新区车场),8
10路(南屏街西口--金殿车场),71路(南屏街东口--金殿车场),1
10路(南屏街西口--金殿车场),82路(马街--南屏街西口),1
110路(官渡广场(国贸路)--篆塘),112路(威远街口(护国路)--湖畔之梦小区),1
110路(官渡广场(国贸路)--篆塘),118路(南屏街东口--羊甫车场),2
110路(官渡广场(国贸路)--篆塘),121路(云南冶炼厂--篆塘),1
110路(官渡广场(国贸路)--篆塘),122路(前兴路公交枢纽站--东站(环城南路)),4
110路(官渡广场(国贸路)--篆塘),127路(海源寺车场--商汇路),4
110路(官渡广场(国贸路)--篆塘),140路(昆明站(永平路)--羊甫车场),2
110路(官渡广场(国贸路)--篆塘),148路(东寺街--马街),2
110路(官渡广场(国贸路)--篆塘),262路(商汇路--大观楼车场),2
112路(威远街口(护国路)--湖畔之梦小区),118路(南屏街东口--羊甫车场),2
112路(威远街口(护国路)--湖畔之梦小区),120路(正义路--前兴路公交枢纽站),2
112路(威远街口(护国路)--湖畔之梦小区),127路(海源寺车场--商汇路),2
112路(威远街口(护国路)--湖畔之梦小区),129路(逸雅路口(华晨路)--北市区车场),1
112路(威远街口(护国路)--湖畔之梦小区),137路(东寺街南口--湖畔之梦小区),2
112路(威远街口(护国路)--湖畔之梦小区),152路(市总工会--湖畔之梦小区),2
112路(威远街口(护国路)--湖畔之梦小区),160路(潘家湾(西昌路)--湖畔之梦小区),3
112路(威远街口(护国路)--湖畔之梦小区),184路(大观楼(大观路)--巫家坝车场(雨龙路)),1
113路(大漾田公交首末站--潘家湾(人民西路)),115路(西苑立交桥--蓝龙潭车场),1
113路(大漾田公交首末站--潘家湾(人民西路)),116路(南屏街西口--眠山车场),2
113路(大漾田公交首末站--潘家湾(人民西路)),127路(海源寺车场--商汇路),9
113路(大漾田公交首末站--潘家湾(人民西路)),153路(云南冶炼厂--马街),2
113路(大漾田公交首末站--潘家湾(人民西路)),231路(百汇商场--眠山车场),2
113路(大漾田公交首末站--潘家湾(人民西路)),239路(普惠园(玉峰路)--黄土坡车场),2
113路(大漾田公交首末站--潘家湾(人民西路)),266路(大漾田公交首末站--黄土坡),2
113路(大漾田公交首末站--潘家湾(人民西路)),C63路(龙院村--潘家湾(西昌路)),1
114路(东站(环城南路)--巴士家园),115路(西苑立交桥--蓝龙潭车场),1
114路(东站(环城南路)--巴士家园),117路(凉亭(金马路)--昆明站(永平路)),1
114路(东站(环城南路)--巴士家园),122路(前兴路公交枢纽站--东站(环城南路)),1
114路(东站(环城南路)--巴士家园),129路(逸雅路口(华晨路)--北市区车场),1
114路(东站(环城南路)--巴士家园),132路(正义路步行街--紫骏苑小区),2
114路(东站(环城南路)--巴士家园),139路(百汇商场--泰龙阁小区车场),2
114路(东站(环城南路)--巴士家园),145路(金沙小区--后新街),2
114路(东站(环城南路)--巴士家园),146路(眠山车场--金殿(穿金路口)),2
114路(东站(环城南路)--巴士家园),158路(小菜园立交桥--金色交响家园小区),4
115路(西苑立交桥--蓝龙潭车场),119路(正义路--蓝龙潭车场),1
115路(西苑立交桥--蓝龙潭车场),121路(云南冶炼厂--篆塘),2
115路(西苑立交桥--蓝龙潭车场),129路(逸雅路口(华晨路)--北市区车场),6
115路(西苑立交桥--蓝龙潭车场),139路(百汇商场--泰龙阁小区车场),2
115路(西苑立交桥--蓝龙潭车场),146路(眠山车场--金殿(穿金路口)),2
115路(西苑立交桥--蓝龙潭车场),153路(云南冶炼厂--马街),1
115路(西苑立交桥--蓝龙潭车场),168路(黄土坡--北部公交枢纽站),1
115路(西苑立交桥--蓝龙潭车场),175路(北市区车场--西山区政府(秀苑路)),1
115路(西苑立交桥--蓝龙潭车场),231路(百汇商场--眠山车场),3
115路(西苑立交桥--蓝龙潭车场),244路(苏家塘--草海公交首末站),2
116路(南屏街西口--眠山车场),124路(艺术剧院--大观楼车场),1
116路(南屏街西口--眠山车场),127路(海源寺车场--商汇路),4
116路(南屏街西口--眠山车场),139路(百汇商场--泰龙阁小区车场),1
116路(南屏街西口--眠山车场),146路(眠山车场--金殿(穿金路口)),7
116路(南屏街西口--眠山车场),207路(雨花公交枢纽站(彩云南路)--眠山车场),1
116路(南屏街西口--眠山车场),208路(昆三中(春融东路)--丽阳星城小区(海源北路)),1
116路(南屏街西口--眠山车场),268路(西部客运站(昆州路)--云南省阜外医院(沙河北路)),3
117路(凉亭(金马路)--昆明站(永平路)),134路(中苜蓿村--昆明站(永平路)),1
117路(凉亭(金马路)--昆明站(永平路)),140路(昆明站(永平路)--羊甫车场),1
117路(凉亭(金马路)--昆明站(永平路)),145路(金沙小区--后新街),3
117路(凉亭(金马路)--昆明站(永平路)),247路(银海森林小区(日新路)--金色交响家园小区),2
117路(凉亭(金马路)--昆明站(永平路)),254路(金星地铁站B口--巫家坝车场),3
117路(凉亭(金马路)--昆明站(永平路)),257路(幸福邻里小区--王大桥),1
117路(凉亭(金马路)--昆明站(永平路)),A13路(曙光路口(东风东路)--航天城),1
118路(南屏街东口--羊甫车场),122路(前兴路公交枢纽站--东站(环城南路)),2
118路(南屏街东口--羊甫车场),123路(羊甫车场--经开区车场),3
118路(南屏街东口--羊甫车场),129路(逸雅路口(华晨路)--北市区车场),6
118路(南屏街东口--羊甫车场),140路(昆明站(永平路)--羊甫车场),5
118路(南屏街东口--羊甫车场),171路(官渡广场(国贸路)--海埂大坝车场),3
118路(南屏街东口--羊甫车场),229路(果林水库南--前兴路公交枢纽站),2
118路(南屏街东口--羊甫车场),234路(南屏街东口--北市区车场),1
118路(南屏街东口--羊甫车场),238路(牛街庄--羊甫车场),1
119路(正义路--蓝龙潭车场),120路(正义路--前兴路公交枢纽站),1
119路(正义路--蓝龙潭车场),125路(正义路--篆塘),1
119路(正义路--蓝龙潭车场),126路(上坝村口--北市区车场),1
119路(正义路--蓝龙潭车场),128路(昆明玉器城(欣玉路)--北市区车场),1
119路(正义路--蓝龙潭车场),146路(眠山车场--金殿(穿金路口)),4
119路(正义路--蓝龙潭车场),158路(小菜园立交桥--金色交响家园小区),2
119路(正义路--蓝龙潭车场),191路(茨坝(龙泉路)--北市区车场),1
119路(正义路--蓝龙潭车场),228路(春漫大道--北市区车场),1
119路(正义路--蓝龙潭车场),235路(翠湖南路--云南野生动物园),2
11路(巫家坝车场--大板桥公交车场),108路(昆船大道--南屏街东口),7
11路(巫家坝车场--大板桥公交车场),12路(呈贡--巫家坝车场),1
11路(巫家坝车场--大板桥公交车场),144路(白水塘上村--昆船大道),2
11路(巫家坝车场--大板桥公交车场),238路(牛街庄--羊甫车场),1
11路(巫家坝车场--大板桥公交车场),46路(印城家苑小区--大板桥地铁站),4
11路(巫家坝车场--大板桥公交车场),51路(公交东部修理公司--高i),1
11路(巫家坝车场--大板桥公交车场),72路(公交东部修理公司--岗头村),1
11路(巫家坝车场--大板桥公交车场),903路(大板桥公交车场--机场工作区南门),1
11路(巫家坝车场--大板桥公交车场),91路(阳光花园小区(日新西路)--北市区车场),1
11路(巫家坝车场--大板桥公交车场),C67路(大板桥镇--关上车场(黑土凹)),2
120路(正义路--前兴路公交枢纽站),122路(前兴路公交枢纽站--东站(环城南路)),2
120路(正义路--前兴路公交枢纽站),125路(正义路--篆塘),1
120路(正义路--前兴路公交枢纽站),137路(东寺街南口--湖畔之梦小区),3
120路(正义路--前兴路公交枢纽站),152路(市总工会--湖畔之梦小区),7
120路(正义路--前兴路公交枢纽站),156路(潘家湾(西安马路)--永昌小区(华昌路)),2
120路(正义路--前兴路公交枢纽站),160路(潘家湾(西昌路)--湖畔之梦小区),1
120路(正义路--前兴路公交枢纽站),184路(大观楼(大观路)--巫家坝车场(雨龙路)),1
121路(云南冶炼厂--篆塘),125路(正义路--篆塘),1
121路(云南冶炼厂--篆塘),133路(金鼎园--家乐福),1
121路(云南冶炼厂--篆塘),148路(东寺街--马街),1
121路(云南冶炼厂--篆塘),153路(云南冶炼厂--马街),4
121路(云南冶炼厂--篆塘),K5路(篆塘(大观路)--泉林雅居小区),1
122路(前兴路公交枢纽站--东站(环城南路)),129路(逸雅路口(华晨路)--北市区车场),4
122路(前兴路公交枢纽站--东站(环城南路)),134路(中苜蓿村--昆明站(永平路)),1
122路(前兴路公交枢纽站--东站(环城南路)),140路(昆明站(永平路)--羊甫车场),1
122路(前兴路公交枢纽站--东站(环城南路)),149路(菊花村--螺蛳湾公交枢纽站(怡安路)),2
122路(前兴路公交枢纽站--东站(环城南路)),154路(螺蛳湾公交枢纽站--银苑小区(日新路)),2
122路(前兴路公交枢纽站--东站(环城南路)),162路(吴井桥(环城南路)--螺蛳湾公交枢纽站(怡安路)),2
122路(前兴路公交枢纽站--东站(环城南路)),166路(前兴路公交枢纽站--春苑小区),1
122路(前兴路公交枢纽站--东站(环城南路)),188路(信息产业基地车场--东站(环城南路)),1
122路(前兴路公交枢纽站--东站(环城南路)),196路(前兴路公交枢纽站--广福小区),1
123路(羊甫车场--经开区车场),140路(昆明站(永平路)--羊甫车场),3
123路(羊甫车场--经开区车场),155路(火电公司--经开区车场),1
123路(羊甫车场--经开区车场),229路(果林水库南--前兴路公交枢纽站),1
124路(艺术剧院--大观楼车场),131路(明河路下段--大观楼车场),1
124路(艺术剧院--大观楼车场),143路(潘家湾(西安马路)--新河村口),3
124路(艺术剧院--大观楼车场),184路(大观楼(大观路)--巫家坝车场(雨龙路)),1
124路(艺术剧院--大观楼车场),207路(雨花公交枢纽站(彩云南路)--眠山车场),1
125路(正义路--篆塘),127路(海源寺车场--商汇路),1
125路(正义路--篆塘),133路(金鼎园--家乐福),1
125路(正义路--篆塘),139路(百汇商场--泰龙阁小区车场),1
126路(上坝村口--北市区车场),128路(昆明玉器城(欣玉路)--北市区车场),5
126路(上坝村口--北市区车场),136路(回龙村--北市区车场),2
126路(上坝村口--北市区车场),150路(溪麓南郡小区--北市区车场),1
127路(海源寺车场--商汇路),129路(逸雅路口(华晨路)--北市区车场),1
127路(海源寺车场--商汇路),133路(金鼎园--家乐福),1
127路(海源寺车场--商汇路),137路(东寺街南口--湖畔之梦小区),2
127路(海源寺车场--商汇路),143路(潘家湾(西安马路)--新河村口),1
127路(海源寺车场--商汇路),146路(眠山车场--金殿(穿金路口)),2
127路(海源寺车场--商汇路),148路(东寺街--马街),2
127路(海源寺车场--商汇路),153路(云南冶炼厂--马街),1
127路(海源寺车场--商汇路),160路(潘家湾(西昌路)--湖畔之梦小区),1
127路(海源寺车场--商汇路),166路(前兴路公交枢纽站--春苑小区),1
127路(海源寺车场--商汇路),180路(张家村(兴苑路)--海源寺车场),1
127路(海源寺车场--商汇路),181路(商汇路--眠山车场),1
127路(海源寺车场--商汇路),185路(绿荫大道路口--眠山车场),2
127路(海源寺车场--商汇路),189路(西北部公交枢纽站--家乐福),1
127路(海源寺车场--商汇路),208路(昆三中(春融东路)--丽阳星城小区(海源北路)),1
127路(海源寺车场--商汇路),C63路(龙院村--潘家湾(西昌路)),3
127路(海源寺车场--商汇路),D23路(郊野公园--黄土坡),1
127路(海源寺车场--商汇路),K13路(海源寺车场--南屏街西口),1
127路(海源寺车场--商汇路),Z62路(龙院村--眠山车场),2
128路(昆明玉器城(欣玉路)--北市区车场),129路(逸雅路口(华晨路)--北市区车场),1
128路(昆明玉器城(欣玉路)--北市区车场),136路(回龙村--北市区车场),4
129路(逸雅路口(华晨路)--北市区车场),136路(回龙村--北市区车场),1
129路(逸雅路口(华晨路)--北市区车场),158路(小菜园立交桥--金色交响家园小区),1
129路(逸雅路口(华晨路)--北市区车场),161路(威远街口(护国路)--世纪城车场),6
129路(逸雅路口(华晨路)--北市区车场),166路(前兴路公交枢纽站--春苑小区),1
129路(逸雅路口(华晨路)--北市区车场),168路(黄土坡--北部公交枢纽站),7
129路(逸雅路口(华晨路)--北市区车场),171路(官渡广场(国贸路)--海埂大坝车场),2
129路(逸雅路口(华晨路)--北市区车场),172路(海埂公园(滇池路)--前兴路公交枢纽站),2
129路(逸雅路口(华晨路)--北市区车场),175路(北市区车场--西山区政府(秀苑路)),2
129路(逸雅路口(华晨路)--北市区车场),229路(果林水库南--前兴路公交枢纽站),1
129路(逸雅路口(华晨路)--北市区车场),234路(南屏街东口--北市区车场),3
129路(逸雅路口(华晨路)--北市区车场),256路(福保文化城--前兴路公交枢纽站),2
12路(呈贡--巫家坝车场),103路(螺蛳湾公交枢纽站--岔街),7
12路(呈贡--巫家坝车场),170路(雨花公交枢纽站--广福立交南),3
12路(呈贡--巫家坝车场),215路(斗南村(鲜花大道)--新册公交枢纽站),4
12路(呈贡--巫家坝车场),221路(螺蛳湾公交枢纽站(商博街)--新册公交枢纽站),1
12路(呈贡--巫家坝车场),26路(黄土坡--巫家坝车场),1
12路(呈贡--巫家坝车场),86路(昆明站(永胜路)--东聚路),4
12路(呈贡--巫家坝车场),87路(半岛车场--螺蛳湾公交枢纽站(彩云北路)),1
12路(呈贡--巫家坝车场),K40路(昆明南站--螺蛳湾公交枢纽站),1
131路(明河路下段--大观楼车场),262路(商汇路--大观楼车场),1
132路(正义路步行街--紫骏苑小区),145路(金沙小区--后新街),2
132路(正义路步行街--紫骏苑小区),182路(延安医院(人民东路)--北部公交枢纽站),3
133路(金鼎园--家乐福),146路(眠山车场--金殿(穿金路口)),3
133路(金鼎园--家乐福),189路(西北部公交枢纽站--家乐福),1
133路(金鼎园--家乐福),235路(翠湖南路--云南野生动物园),1
134路(中苜蓿村--昆明站(永平路)),140路(昆明站(永平路)--羊甫车场),2
134路(中苜蓿村--昆明站(永平路)),186路(螺蛳湾公交枢纽站--华昌路口(环城南路)),3
134路(中苜蓿村--昆明站(永平路)),260路(小康路口(福保路)--昆明站(永平路)),1
135路(福保文化城--海埂大坝车场),165路(云南民族村--螺蛳湾二期车场),1
135路(福保文化城--海埂大坝车场),171路(官渡广场(国贸路)--海埂大坝车场),1
135路(福保文化城--海埂大坝车场),172路(海埂公园(滇池路)--前兴路公交枢纽站),2
135路(福保文化城--海埂大坝车场),255路(福保文化城--螺蛳湾公交枢纽站(怡安路)),1
136路(回龙村--北市区车场),150路(溪麓南郡小区--北市区车场),6
137路(东寺街南口--湖畔之梦小区),148路(东寺街--马街),1
137路(东寺街南口--湖畔之梦小区),152路(市总工会--湖畔之梦小区),3
137路(东寺街南口--湖畔之梦小区),166路(前兴路公交枢纽站--春苑小区),1
137路(东寺街南口--湖畔之梦小区),185路(绿荫大道路口--眠山车场),1
137路(东寺街南口--湖畔之梦小区),K50路(西岳庙(海埂路)--海埂大坝车场),3
139路(百汇商场--泰龙阁小区车场),146路(眠山车场--金殿(穿金路口)),2
139路(百汇商场--泰龙阁小区车场),168路(黄土坡--北部公交枢纽站),3
139路(百汇商场--泰龙阁小区车场),189路(西北部公交枢纽站--家乐福),1
140路(昆明站(永平路)--羊甫车场),149路(菊花村--螺蛳湾公交枢纽站(怡安路)),6
140路(昆明站(永平路)--羊甫车场),171路(官渡广场(国贸路)--海埂大坝车场),1
140路(昆明站(永平路)--羊甫车场),174路(官渡区政府--羊甫车场),7
140路(昆明站(永平路)--羊甫车场),184路(大观楼(大观路)--巫家坝车场(雨龙路)),3
140路(昆明站(永平路)--羊甫车场),199路(九夏云水小区--昆明站(永平路)),1
140路(昆明站(永平路)--羊甫车场),229路(果林水库南--前兴路公交枢纽站),1
140路(昆明站(永平路)--羊甫车场),A9路(官渡广场(国贸路)--云南民族村),1
143路(潘家湾(西安马路)--新河村口),156路(潘家湾(西安马路)--永昌小区(华昌路)),3
143路(潘家湾(西安马路)--新河村口),166路(前兴路公交枢纽站--春苑小区),4
143路(潘家湾(西安马路)--新河村口),181路(商汇路--眠山车场),2
143路(潘家湾(西安马路)--新河村口),185路(绿荫大道路口--眠山车场),1
143路(潘家湾(西安马路)--新河村口),264路(弥勒寺(西昌路)--海埂大坝车场),2
144路(白水塘上村--昆船大道),164路(航天城--经开区车场),1
144路(白水塘上村--昆船大道),A6路(螺蛳湾公交枢纽站(商博街)--航天城),2
144路(白水塘上村--昆船大道),C66路(昆明站--海子新村),1
145路(金沙小区--后新街),158路(小菜园立交桥--金色交响家园小区),3
145路(金沙小区--后新街),201路(菊花村--雨花公交枢纽站),1
145路(金沙小区--后新街),205路(雨花公交枢纽站(彩云南路)--黄土坡车场),1
145路(金沙小区--后新街),213路(潘家湾(西昌路)--螺蛳湾二期车场),3
145路(金沙小区--后新街),236路(金瓦路口(虹桥路)--北市区车场),2
145路(金沙小区--后新街),941路(皇冠假日酒店--潘家湾(西昌路)),1
146路(眠山车场--金殿(穿金路口)),151路(西北部公交枢纽站--西部客运站(昆州路)),10
146路(眠山车场--金殿(穿金路口)),168路(黄土坡--北部公交枢纽站),4
146路(眠山车场--金殿(穿金路口)),181路(商汇路--眠山车场),1
146路(眠山车场--金殿(穿金路口)),182路(延安医院(人民东路)--北部公交枢纽站),4
146路(眠山车场--金殿(穿金路口)),189路(西北部公交枢纽站--家乐福),1
146路(眠山车场--金殿(穿金路口)),234路(南屏街东口--北市区车场),2
146路(眠山车场--金殿(穿金路口)),235路(翠湖南路--云南野生动物园),2
146路(眠山车场--金殿(穿金路口)),236路(金瓦路口(虹桥路)--北市区车场),4
147路(双龙乡--金殿车场),Z146路(金殿车场--金林碧水小区南门),1
148路(东寺街--马街),153路(云南冶炼厂--马街),10
148路(东寺街--马街),181路(商汇路--眠山车场),1
148路(东寺街--马街),183路(潘家湾(西昌路)--海埂大坝车场),1
148路(东寺街--马街),184路(大观楼(大观路)--巫家坝车场(雨龙路)),1
148路(东寺街--马街),185路(绿荫大道路口--眠山车场),2
148路(东寺街--马街),K2路(东寺街--云南省阜外医院(沙河北路)),1
148路(东寺街--马街),Z138路(小西门(人民西路)--篆塘),1
149路(菊花村--螺蛳湾公交枢纽站(怡安路)),154路(螺蛳湾公交枢纽站--银苑小区(日新路)),3
149路(菊花村--螺蛳湾公交枢纽站(怡安路)),162路(吴井桥(环城南路)--螺蛳湾公交枢纽站(怡安路)),19
149路(菊花村--螺蛳湾公交枢纽站(怡安路)),188路(信息产业基地车场--东站(环城南路)),1
150路(溪麓南郡小区--北市区车场),159路(霖雨桥(北京路)--昆明玉器城),5
150路(溪麓南郡小区--北市区车场),168路(黄土坡--北部公交枢纽站),1
150路(溪麓南郡小区--北市区车场),175路(北市区车场--西山区政府(秀苑路)),1
150路(溪麓南郡小区--北市区车场),907路(西北部公交枢纽站--北部公交枢纽站),1
151路(西北部公交枢纽站--西部客运站(昆州路)),153路(云南冶炼厂--马街),4
151路(西北部公交枢纽站--西部客运站(昆州路)),168路(黄土坡--北部公交枢纽站),1
151路(西北部公交枢纽站--西部客运站(昆州路)),180路(张家村(兴苑路)--海源寺车场),1
151路(西北部公交枢纽站--西部客运站(昆州路)),189路(西北部公交枢纽站--家乐福),4
151路(西北部公交枢纽站--西部客运站(昆州路)),233路(高新区车场--海埂公园(滇池路)),1
151路(西北部公交枢纽站--西部客运站(昆州路)),258路(马街--大观楼(大观路)),2
151路(西北部公交枢纽站--西部客运站(昆州路)),C1路(沙朗白族街--眠山车场),6
152路(市总工会--湖畔之梦小区),160路(潘家湾(西昌路)--湖畔之梦小区),4
152路(市总工会--湖畔之梦小区),166路(前兴路公交枢纽站--春苑小区),4
152路(市总工会--湖畔之梦小区),185路(绿荫大道路口--眠山车场),1
153路(云南冶炼厂--马街),166路(前兴路公交枢纽站--春苑小区),1
153路(云南冶炼厂--马街),180路(张家村(兴苑路)--海源寺车场),6
153路(云南冶炼厂--马街),189路(西北部公交枢纽站--家乐福),4
153路(云南冶炼厂--马街),231路(百汇商场--眠山车场),1
153路(云南冶炼厂--马街),233路(高新区车场--海埂公园(滇池路)),2
153路(云南冶炼厂--马街),239路(普惠园(玉峰路)--黄土坡车场),1
153路(云南冶炼厂--马街),258路(马街--大观楼(大观路)),1
153路(云南冶炼厂--马街),C65路(西站--昆明电缆厂生活区),2
153路(云南冶炼厂--马街),C68路(新型建筑材料厂--潘家湾(西昌路)),1
153路(云南冶炼厂--马街),Z81路(大漾田公交首末站--云南冶炼厂),2
154路(螺蛳湾公交枢纽站--银苑小区(日新路)),161路(威远街口(护国路)--世纪城车场),5
154路(螺蛳湾公交枢纽站--银苑小区(日新路)),162路(吴井桥(环城南路)--螺蛳湾公交枢纽站(怡安路)),5
154路(螺蛳湾公交枢纽站--银苑小区(日新路)),165路(云南民族村--螺蛳湾二期车场),2
154路(螺蛳湾公交枢纽站--银苑小区(日新路)),171路(官渡广场(国贸路)--海埂大坝车场),1
154路(螺蛳湾公交枢纽站--银苑小区(日新路)),178路(螺蛳湾公交枢纽站--关锁村),1
154路(螺蛳湾公交枢纽站--银苑小区(日新路)),186路(螺蛳湾公交枢纽站--华昌路口(环城南路)),1
154路(螺蛳湾公交枢纽站--银苑小区(日新路)),229路(果林水库南--前兴路公交枢纽站),1
154路(螺蛳湾公交枢纽站--银苑小区(日新路)),253路(官渡区政府--经开区车场),3
155路(火电公司--经开区车场),164路(航天城--经开区车场),4
156路(潘家湾(西安马路)--永昌小区(华昌路)),160路(潘家湾(西昌路)--湖畔之梦小区),6
156路(潘家湾(西安马路)--永昌小区(华昌路)),186路(螺蛳湾公交枢纽站--华昌路口(环城南路)),1
156路(潘家湾(西安马路)--永昌小区(华昌路)),262路(商汇路--大观楼车场),1
158路(小菜园立交桥--金色交响家园小区),205路(雨花公交枢纽站(彩云南路)--黄土坡车场),1
158路(小菜园立交桥--金色交响家园小区),236路(金瓦路口(虹桥路)--北市区车场),2
158路(小菜园立交桥--金色交响家园小区),247路(银海森林小区(日新路)--金色交响家园小区),3
158路(小菜园立交桥--金色交响家园小区),254路(金星地铁站B口--巫家坝车场),1
159路(霖雨桥(北京路)--昆明玉器城),168路(黄土坡--北部公交枢纽站),2
159路(霖雨桥(北京路)--昆明玉器城),191路(茨坝(龙泉路)--北市区车场),7
159路(霖雨桥(北京路)--昆明玉器城),907路(西北部公交枢纽站--北部公交枢纽站),1
159路(霖雨桥(北京路)--昆明玉器城),Z70路(羊肠村地铁站--半山七哩溪小区),1
160路(潘家湾(西昌路)--湖畔之梦小区),165路(云南民族村--螺蛳湾二期车场),1
160路(潘家湾(西昌路)--湖畔之梦小区),183路(潘家湾(西昌路)--海埂大坝车场),1
160路(潘家湾(西昌路)--湖畔之梦小区),185路(绿荫大道路口--眠山车场),2
160路(潘家湾(西昌路)--湖畔之梦小区),199路(九夏云水小区--昆明站(永平路)),3
160路(潘家湾(西昌路)--湖畔之梦小区),203路(雨花公交枢纽站--眠山车场),1
160路(潘家湾(西昌路)--湖畔之梦小区),206路(昆三中(春融东路)--眠山车场),1
160路(潘家湾(西昌路)--湖畔之梦小区),264路(弥勒寺(西昌路)--海埂大坝车场),1
160路(潘家湾(西昌路)--湖畔之梦小区),A1路(云南民族村--世博园),1
160路(潘家湾(西昌路)--湖畔之梦小区),Z130路(西昌路口(新闻路)--春苑小区),2
160路(潘家湾(西昌路)--湖畔之梦小区),Z13路(金牛小区南门--大观楼车场),1
161路(威远街口(护国路)--世纪城车场),165路(云南民族村--螺蛳湾二期车场),5
161路(威远街口(护国路)--世纪城车场),169路(龙马村(云秀路)--世纪城车场),1
161路(威远街口(护国路)--世纪城车场),173路(世纪城车场--永胜村),3
161路(威远街口(护国路)--世纪城车场),207路(雨花公交枢纽站(彩云南路)--眠山车场),3
161路(威远街口(护国路)--世纪城车场),234路(南屏街东口--北市区车场),1
161路(威远街口(护国路)--世纪城车场),A8路(商汇路--航天城),1
161路(威远街口(护国路)--世纪城车场),C13路(官南立交桥南口--螺蛳湾公交枢纽站(怡安路)),1
161路(威远街口(护国路)--世纪城车场),C85路(昆明站--大渔公园),2
161路(威远街口(护国路)--世纪城车场),Z50路(大都购物中心(彩云北路)--后所),2
162路(吴井桥(环城南路)--螺蛳湾公交枢纽站(怡安路)),169路(龙马村(云秀路)--世纪城车场),3
162路(吴井桥(环城南路)--螺蛳湾公交枢纽站(怡安路)),171路(官渡广场(国贸路)--海埂大坝车场),1
162路(吴井桥(环城南路)--螺蛳湾公交枢纽站(怡安路)),174路(官渡区政府--羊甫车场),1
162路(吴井桥(环城南路)--螺蛳湾公交枢纽站(怡安路)),179路(渔村--螺蛳湾公交枢纽站(怡安路)),1
162路(吴井桥(环城南路)--螺蛳湾公交枢纽站(怡安路)),184路(大观楼(大观路)--巫家坝车场(雨龙路)),2
162路(吴井桥(环城南路)--螺蛳湾公交枢纽站(怡安路)),186路(螺蛳湾公交枢纽站--华昌路口(环城南路)),2
162路(吴井桥(环城南路)--螺蛳湾公交枢纽站(怡安路)),198路(云秀路--新螺蛳湾公交枢纽站(怡安路)),3
162路(吴井桥(环城南路)--螺蛳湾公交枢纽站(怡安路)),204路(月牙塘小区--雨花公交枢纽站(大学城地铁站)),1
162路(吴井桥(环城南路)--螺蛳湾公交枢纽站(怡安路)),205路(雨花公交枢纽站(彩云南路)--黄土坡车场),1
162路(吴井桥(环城南路)--螺蛳湾公交枢纽站(怡安路)),213路(潘家湾(西昌路)--螺蛳湾二期车场),1
162路(吴井桥(环城南路)--螺蛳湾公交枢纽站(怡安路)),229路(果林水库南--前兴路公交枢纽站),1
162路(吴井桥(环城南路)--螺蛳湾公交枢纽站(怡安路)),232路(官渡区政府--巫家坝车场),4
162路(吴井桥(环城南路)--螺蛳湾公交枢纽站(怡安路)),A12路(东三环路口(白龙路)--海宝岔口),1
162路(吴井桥(环城南路)--螺蛳湾公交枢纽站(怡安路)),A2路(小菜园立交桥5--前兴路公交枢纽站),1
162路(吴井桥(环城南路)--螺蛳湾公交枢纽站(怡安路)),B21路(昆明站(永胜路)--东部公交枢纽站),1
162路(吴井桥(环城南路)--螺蛳湾公交枢纽站(怡安路)),K6路(巫家坝车场--幸福邻里小区),1
162路(吴井桥(环城南路)--螺蛳湾公交枢纽站(怡安路)),Z118路(大树营--403厂小区),1
164路(航天城--经开区车场),188路(信息产业基地车场--东站(环城南路)),5
164路(航天城--经开区车场),253路(官渡区政府--经开区车场),1
164路(航天城--经开区车场),A6路(螺蛳湾公交枢纽站(商博街)--航天城),1
165路(云南民族村--螺蛳湾二期车场),171路(官渡广场(国贸路)--海埂大坝车场),3
165路(云南民族村--螺蛳湾二期车场),172路(海埂公园(滇池路)--前兴路公交枢纽站),1
165路(云南民族村--螺蛳湾二期车场),173路(世纪城车场--永胜村),3
165路(云南民族村--螺蛳湾二期车场),174路(官渡区政府--羊甫车场),3
165路(云南民族村--螺蛳湾二期车场),181路(商汇路--眠山车场),5
165路(云南民族村--螺蛳湾二期车场),186路(螺蛳湾公交枢纽站--华昌路口(环城南路)),4
165路(云南民族村--螺蛳湾二期车场),208路(昆三中(春融东路)--丽阳星城小区(海源北路)),1
165路(云南民族村--螺蛳湾二期车场),213路(潘家湾(西昌路)--螺蛳湾二期车场),1
165路(云南民族村--螺蛳湾二期车场),233路(高新区车场--海埂公园(滇池路)),2
165路(云南民族村--螺蛳湾二期车场),C143路(螺蛳湾公交枢纽站(西行)--西部客运站(昆州路)),1
166路(前兴路公交枢纽站--春苑小区),171路(官渡广场(国贸路)--海埂大坝车场),4
166路(前兴路公交枢纽站--春苑小区),172路(海埂公园(滇池路)--前兴路公交枢纽站),1
166路(前兴路公交枢纽站--春苑小区),181路(商汇路--眠山车场),2
166路(前兴路公交枢纽站--春苑小区),185路(绿荫大道路口--眠山车场),1
166路(前兴路公交枢纽站--春苑小区),A2路(小菜园立交桥5--前兴路公交枢纽站),1
166路(前兴路公交枢纽站--春苑小区),A9路(官渡广场(国贸路)--云南民族村),1
166路(前兴路公交枢纽站--春苑小区),C142路(螺蛳湾商贸城一期--昌源北路口(科新路)),2
166路(前兴路公交枢纽站--春苑小区),C65路(西站--昆明电缆厂生活区),1
166路(前兴路公交枢纽站--春苑小区),C8路(阳光花园小区(日新西路)--眠山车场),3
168路(黄土坡--北部公交枢纽站),175路(北市区车场--西山区政府(秀苑路)),8
168路(黄土坡--北部公交枢纽站),182路(延安医院(人民东路)--北部公交枢纽站),8
168路(黄土坡--北部公交枢纽站),189路(西北部公交枢纽站--家乐福),1
168路(黄土坡--北部公交枢纽站),192路(核桃箐--巴士家园),3
168路(黄土坡--北部公交枢纽站),K5路(篆塘(大观路)--泉林雅居小区),1
169路(龙马村(云秀路)--世纪城车场),173路(世纪城车场--永胜村),1
169路(龙马村(云秀路)--世纪城车场),174路(官渡区政府--羊甫车场),1
169路(龙马村(云秀路)--世纪城车场),213路(潘家湾(西昌路)--螺蛳湾二期车场),3
169路(龙马村(云秀路)--世纪城车场),252路(半岛车场--螺蛳湾二期车场),6
170路(雨花公交枢纽站--广福立交南),201路(菊花村--雨花公交枢纽站),3
170路(雨花公交枢纽站--广福立交南),204路(月牙塘小区--雨花公交枢纽站(大学城地铁站)),1
170路(雨花公交枢纽站--广福立交南),215路(斗南村(鲜花大道)--新册公交枢纽站),1
170路(雨花公交枢纽站--广福立交南),216路(呈贡广场--雨花公交枢纽站),1
170路(雨花公交枢纽站--广福立交南),219路(呈贡广场--雨花公交枢纽站),4
170路(雨花公交枢纽站--广福立交南),221路(螺蛳湾公交枢纽站(商博街)--新册公交枢纽站),2
170路(雨花公交枢纽站--广福立交南),225路(呈贡广场--新发村),2
170路(雨花公交枢纽站--广福立交南),930路(昆明南站--西北部公交枢纽站),1
170路(雨花公交枢纽站--广福立交南),C85路(昆明站--大渔公园),2
170路(雨花公交枢纽站--广福立交南),K36路甲线(昆明南站--昆明南站),1
171路(官渡广场(国贸路)--海埂大坝车场),183路(潘家湾(西昌路)--海埂大坝车场),8
171路(官渡广场(国贸路)--海埂大坝车场),184路(大观楼(大观路)--巫家坝车场(雨龙路)),3
171路(官渡广场(国贸路)--海埂大坝车场),186路(螺蛳湾公交枢纽站--华昌路口(环城南路)),3
171路(官渡广场(国贸路)--海埂大坝车场),229路(果林水库南--前兴路公交枢纽站),1
171路(官渡广场(国贸路)--海埂大坝车场),A12路(东三环路口(白龙路)--海宝岔口),1
171路(官渡广场(国贸路)--海埂大坝车场),A1路(云南民族村--世博园),1
171路(官渡广场(国贸路)--海埂大坝车场),A9路(官渡广场(国贸路)--云南民族村),1
171路(官渡广场(国贸路)--海埂大坝车场),C142路(螺蛳湾商贸城一期--昌源北路口(科新路)),2
171路(官渡广场(国贸路)--海埂大坝车场),K7路(阳光花园小区(阳光中路)--巫家坝车场(雨龙路)),1
172路(海埂公园(滇池路)--前兴路公交枢纽站),181路(商汇路--眠山车场),1
172路(海埂公园(滇池路)--前兴路公交枢纽站),196路(前兴路公交枢纽站--广福小区),1
172路(海埂公园(滇池路)--前兴路公交枢纽站),233路(高新区车场--海埂公园(滇池路)),2
172路(海埂公园(滇池路)--前兴路公交枢纽站),256路(福保文化城--前兴路公交枢纽站),1
172路(海埂公园(滇池路)--前兴路公交枢纽站),A9路(官渡广场(国贸路)--云南民族村),2
172路(海埂公园(滇池路)--前兴路公交枢纽站),K25路(海埂公园东门--眠山车场),1
173路(世纪城车场--永胜村),174路(官渡区政府--羊甫车场),6
173路(世纪城车场--永胜村),186路(螺蛳湾公交枢纽站--华昌路口(环城南路)),3
173路(世纪城车场--永胜村),K22路(半岛车场--前兴路公交枢纽站),1
173路(世纪城车场--永胜村),Z67路(逸雅路口(华晨路)--世纪城车场),1
174路(官渡区政府--羊甫车场),186路(螺蛳湾公交枢纽站--华昌路口(环城南路)),3
174路(官渡区政府--羊甫车场),232路(官渡区政府--巫家坝车场),7
174路(官渡区政府--羊甫车场),238路(牛街庄--羊甫车场),4
174路(官渡区政府--羊甫车场),253路(官渡区政府--经开区车场),1
174路(官渡区政府--羊甫车场),A6路(螺蛳湾公交枢纽站(商博街)--航天城),3
175路(北市区车场--西山区政府(秀苑路)),180路(张家村(兴苑路)--海源寺车场),1
175路(北市区车场--西山区政府(秀苑路)),185路(绿荫大道路口--眠山车场),1
175路(北市区车场--西山区政府(秀苑路)),191路(茨坝(龙泉路)--北市区车场),1
175路(北市区车场--西山区政府(秀苑路)),244路(苏家塘--草海公交首末站),1
175路(北市区车场--西山区政府(秀苑路)),267路(西苑立交桥--云南省阜外医院(沙河北路)),1
178路(螺蛳湾公交枢纽站--关锁村),179路(渔村--螺蛳湾公交枢纽站(怡安路)),1
178路(螺蛳湾公交枢纽站--关锁村),186路(螺蛳湾公交枢纽站--华昌路口(环城南路)),1
178路(螺蛳湾公交枢纽站--关锁村),C24路(大罗家营村--螺蛳湾公交枢纽站(怡安路)),1
179路(渔村--螺蛳湾公交枢纽站(怡安路)),255路(福保文化城--螺蛳湾公交枢纽站(怡安路)),1
17路(湖西小区站--小西门),18路(温泉--小西门),5
180路(张家村(兴苑路)--海源寺车场),208路(昆三中(春融东路)--丽阳星城小区(海源北路)),1
180路(张家村(兴苑路)--海源寺车场),244路(苏家塘--草海公交首末站),5
180路(张家村(兴苑路)--海源寺车场),268路(西部客运站(昆州路)--云南省阜外医院(沙河北路)),1
180路(张家村(兴苑路)--海源寺车场),C1路(沙朗白族街--眠山车场),1
180路(张家村(兴苑路)--海源寺车场),C61路(团结乡--西站),2
180路(张家村(兴苑路)--海源寺车场),C8路(阳光花园小区(日新西路)--眠山车场),2
180路(张家村(兴苑路)--海源寺车场),K13路(海源寺车场--南屏街西口),2
180路(张家村(兴苑路)--海源寺车场),Z31路(黑林铺前街口--眠山车场),2
181路(商汇路--眠山车场),183路(潘家湾(西昌路)--海埂大坝车场),4
181路(商汇路--眠山车场),185路(绿荫大道路口--眠山车场),3
181路(商汇路--眠山车场),197路(前兴路公交枢纽站--逸雅路),1
181路(商汇路--眠山车场),203路(雨花公交枢纽站--眠山车场),2
181路(商汇路--眠山车场),208路(昆三中(春融东路)--丽阳星城小区(海源北路)),1
181路(商汇路--眠山车场),244路(苏家塘--草海公交首末站),1
181路(商汇路--眠山车场),256路(福保文化城--前兴路公交枢纽站),1
181路(商汇路--眠山车场),908路(螺蛳湾商贸城东(商博街)--马街),1
181路(商汇路--眠山车场),K15路(165路快线)(福海乡--螺蛳湾公交枢纽站(怡安路)),1
182路(延安医院(人民东路)--北部公交枢纽站),204路(月牙塘小区--雨花公交枢纽站(大学城地铁站)),3
182路(延安医院(人民东路)--北部公交枢纽站),205路(雨花公交枢纽站(彩云南路)--黄土坡车场),1
182路(延安医院(人民东路)--北部公交枢纽站),226路(马郎--呈贡广场),1
182路(延安医院(人民东路)--北部公交枢纽站),228路(春漫大道--北市区车场),1
182路(延安医院(人民东路)--北部公交枢纽站),235路(翠湖南路--云南野生动物园),5
182路(延安医院(人民东路)--北部公交枢纽站),906路(东部公交枢纽站--北部公交枢纽站),8
182路(延安医院(人民东路)--北部公交枢纽站),925路(昆明南站--北市区车场),1
183路(潘家湾(西昌路)--海埂大坝车场),203路(雨花公交枢纽站--眠山车场),1
183路(潘家湾(西昌路)--海埂大坝车场),213路(潘家湾(西昌路)--螺蛳湾二期车场),1
183路(潘家湾(西昌路)--海埂大坝车场),233路(高新区车场--海埂公园(滇池路)),9
183路(潘家湾(西昌路)--海埂大坝车场),264路(弥勒寺(西昌路)--海埂大坝车场),1
184路(大观楼(大观路)--巫家坝车场(雨龙路)),206路(昆三中(春融东路)--眠山车场),1
184路(大观楼(大观路)--巫家坝车场(雨龙路)),229路(果林水库南--前兴路公交枢纽站),3
184路(大观楼(大观路)--巫家坝车场(雨龙路)),247路(银海森林小区(日新路)--金色交响家园小区),1
184路(大观楼(大观路)--巫家坝车场(雨龙路)),260路(小康路口(福保路)--昆明站(永平路)),1
184路(大观楼(大观路)--巫家坝车场(雨龙路)),262路(商汇路--大观楼车场),1
184路(大观楼(大观路)--巫家坝车场(雨龙路)),A2路(小菜园立交桥5--前兴路公交枢纽站),1
184路(大观楼(大观路)--巫家坝车场(雨龙路)),A9路(官渡广场(国贸路)--云南民族村),1
184路(大观楼(大观路)--巫家坝车场(雨龙路)),C13路(官南立交桥南口--螺蛳湾公交枢纽站(怡安路)),1
185路(绿荫大道路口--眠山车场),186路(螺蛳湾公交枢纽站--华昌路口(环城南路)),3
185路(绿荫大道路口--眠山车场),203路(雨花公交枢纽站--眠山车场),1
185路(绿荫大道路口--眠山车场),258路(马街--大观楼(大观路)),2
185路(绿荫大道路口--眠山车场),C65路(西站--昆明电缆厂生活区),1
185路(绿荫大道路口--眠山车场),C8路(阳光花园小区(日新西路)--眠山车场),2
185路(绿荫大道路口--眠山车场),K25路(海埂公园东门--眠山车场),2
185路(绿荫大道路口--眠山车场),K50路(西岳庙(海埂路)--海埂大坝车场),1
186路(螺蛳湾公交枢纽站--华昌路口(环城南路)),198路(云秀路--新螺蛳湾公交枢纽站(怡安路)),1
186路(螺蛳湾公交枢纽站--华昌路口(环城南路)),208路(昆三中(春融东路)--丽阳星城小区(海源北路)),1
186路(螺蛳湾公交枢纽站--华昌路口(环城南路)),229路(果林水库南--前兴路公交枢纽站),2
186路(螺蛳湾公交枢纽站--华昌路口(环城南路)),232路(官渡区政府--巫家坝车场),2
186路(螺蛳湾公交枢纽站--华昌路口(环城南路)),252路(半岛车场--螺蛳湾二期车场),3
186路(螺蛳湾公交枢纽站--华昌路口(环城南路)),262路(商汇路--大观楼车场),2
186路(螺蛳湾公交枢纽站--华昌路口(环城南路)),908路(螺蛳湾商贸城东(商博街)--马街),1
186路(螺蛳湾公交枢纽站--华昌路口(环城南路)),917路(螺蛳湾公交枢纽站--西北部公交枢纽站),1
186路(螺蛳湾公交枢纽站--华昌路口(环城南路)),A12路(东三环路口(白龙路)--海宝岔口),1
186路(螺蛳湾公交枢纽站--华昌路口(环城南路)),A2路(小菜园立交桥5--前兴路公交枢纽站),1
186路(螺蛳湾公交枢纽站--华昌路口(环城南路)),A6路(螺蛳湾公交枢纽站(商博街)--航天城),1
186路(螺蛳湾公交枢纽站--华昌路口(环城南路)),K15路(165路快线)(福海乡--螺蛳湾公交枢纽站(怡安路)),1
187路(正义路--泰龙阁小区车场),D31路(教场北路西段--普吉路口),1
188路(信息产业基地车场--东站(环城南路)),201路(菊花村--雨花公交枢纽站),1
188路(信息产业基地车场--东站(环城南路)),213路(潘家湾(西昌路)--螺蛳湾二期车场),1
188路(信息产业基地车场--东站(环城南路)),228路(春漫大道--北市区车场),10
188路(信息产业基地车场--东站(环城南路)),229路(果林水库南--前兴路公交枢纽站),2
188路(信息产业基地车场--东站(环城南路)),238路(牛街庄--羊甫车场),1
188路(信息产业基地车场--东站(环城南路)),A11路(煤机新村--经景路口(云内动力北)),1
188路(信息产业基地车场--东站(环城南路)),B21路(昆明站(永胜路)--东部公交枢纽站),1
188路(信息产业基地车场--东站(环城南路)),C12路(彩云北路口(贵昆路)--螺蛳湾商贸城东),1
188路(信息产业基地车场--东站(环城南路)),C14路(大冲村(拓翔路)--螺蛳湾公交枢纽站(怡安路)),3
188路(信息产业基地车场--东站(环城南路)),K20路(信息产业基地车场--春融街地铁站C口),1
188路(信息产业基地车场--东站(环城南路)),K58路(广福立交北--果林水库南),1
189路(西北部公交枢纽站--家乐福),205路(雨花公交枢纽站(彩云南路)--黄土坡车场),1
189路(西北部公交枢纽站--家乐福),231路(百汇商场--眠山车场),2
189路(西北部公交枢纽站--家乐福),233路(高新区车场--海埂公园(滇池路)),2
189路(西北部公交枢纽站--家乐福),239路(普惠园(玉峰路)--黄土坡车场),1
189路(西北部公交枢纽站--家乐福),267路(西苑立交桥--云南省阜外医院(沙河北路)),4
189路(西北部公交枢纽站--家乐福),907路(西北部公交枢纽站--北部公交枢纽站),2
189路(西北部公交枢纽站--家乐福),C61路(团结乡--西站),2
18路(温泉--小西门),21路(昆阳磷肥厂--小西门车场),1
18路(温泉--小西门),22路(大观楼(大观路)--东部公交枢纽站),1
18路(温泉--小西门),26路(黄土坡--巫家坝车场),1
191路(茨坝(龙泉路)--北市区车场),228路(春漫大道--北市区车场),1
191路(茨坝(龙泉路)--北市区车场),907路(西北部公交枢纽站--北部公交枢纽站),4
191路(茨坝(龙泉路)--北市区车场),Z66路(农业大学蜂学楼--北市区车场),1
192路(核桃箐--巴士家园),K5路(篆塘(大观路)--泉林雅居小区),1
196路(前兴路公交枢纽站--广福小区),197路(前兴路公交枢纽站--逸雅路),1
196路(前兴路公交枢纽站--广福小区),Z61路(海蓝路口(海宏路)--前兴路公交枢纽站),1
197路(前兴路公交枢纽站--逸雅路),229路(果林水库南--前兴路公交枢纽站),1
197路(前兴路公交枢纽站--逸雅路),262路(商汇路--大观楼车场),1
197路(前兴路公交枢纽站--逸雅路),A8路(商汇路--航天城),1
198路(云秀路--新螺蛳湾公交枢纽站(怡安路)),251路(羊甫车场--螺蛳湾公交枢纽站(彩云北路)),6
198路(云秀路--新螺蛳湾公交枢纽站(怡安路)),Z34路(子君村(彩云北路)--子君村(彩云北路)),1
199路(九夏云水小区--昆明站(永平路)),260路(小康路口(福保路)--昆明站(永平路)),1
1路(东站(环城南路)--西北部公交枢纽站),119路(正义路--蓝龙潭车场),1
1路(东站(环城南路)--西北部公交枢纽站),151路(西北部公交枢纽站--西部客运站(昆州路)),3
1路(东站(环城南路)--西北部公交枢纽站),25路(昆明站(北京路)--北部公交枢纽站),1
1路(东站(环城南路)--西北部公交枢纽站),29路(东部公交枢纽站--黄土坡),4
1路(东站(环城南路)--西北部公交枢纽站),2路(黄土坡--昆明站(永平路)),2
1路(东站(环城南路)--西北部公交枢纽站),3路(颐园小区(白云路)--前兴路公交枢纽站),2
1路(东站(环城南路)--西北部公交枢纽站),62路(巫家坝车场--梁源三区),3
1路(东站(环城南路)--西北部公交枢纽站),85路(联盟路--海源寺车场),2
1路(东站(环城南路)--西北部公交枢纽站),8路(昆师路--轻机厂),3
1路(东站(环城南路)--西北部公交枢纽站),95路(大观楼车场--白龙路口(白云路)),1
1路(东站(环城南路)--西北部公交枢纽站),98路(苏家塘--公交东部修理公司),3
201路(菊花村--雨花公交枢纽站),203路(雨花公交枢纽站--眠山车场),7
201路(菊花村--雨花公交枢纽站),205路(雨花公交枢纽站(彩云南路)--黄土坡车场),1
201路(菊花村--雨花公交枢纽站),254路(金星地铁站B口--巫家坝车场),1
203路(雨花公交枢纽站--眠山车场),204路(月牙塘小区--雨花公交枢纽站(大学城地铁站)),6
203路(雨花公交枢纽站--眠山车场),206路(昆三中(春融东路)--眠山车场),1
203路(雨花公交枢纽站--眠山车场),208路(昆三中(春融东路)--丽阳星城小区(海源北路)),1
203路(雨花公交枢纽站--眠山车场),216路(呈贡广场--雨花公交枢纽站),1
203路(雨花公交枢纽站--眠山车场),233路(高新区车场--海埂公园(滇池路)),2
203路(雨花公交枢纽站--眠山车场),942路(皇冠假日酒店--黄土坡车场),1
204路(月牙塘小区--雨花公交枢纽站(大学城地铁站)),205路(雨花公交枢纽站(彩云南路)--黄土坡车场),6
204路(月牙塘小区--雨花公交枢纽站(大学城地铁站)),206路(昆三中(春融东路)--眠山车场),1
204路(月牙塘小区--雨花公交枢纽站(大学城地铁站)),213路(潘家湾(西昌路)--螺蛳湾二期车场),1
204路(月牙塘小区--雨花公交枢纽站(大学城地铁站)),228路(春漫大道--北市区车场),2
204路(月牙塘小区--雨花公交枢纽站(大学城地铁站)),235路(翠湖南路--云南野生动物园),1
205路(雨花公交枢纽站(彩云南路)--黄土坡车场),206路(昆三中(春融东路)--眠山车场),6
205路(雨花公交枢纽站(彩云南路)--黄土坡车场),207路(雨花公交枢纽站(彩云南路)--眠山车场),1
205路(雨花公交枢纽站(彩云南路)--黄土坡车场),213路(潘家湾(西昌路)--螺蛳湾二期车场),2
205路(雨花公交枢纽站(彩云南路)--黄土坡车场),239路(普惠园(玉峰路)--黄土坡车场),1
205路(雨花公交枢纽站(彩云南路)--黄土坡车场),925路(昆明南站--北市区车场),1
205路(雨花公交枢纽站(彩云南路)--黄土坡车场),B35路(云南省阜外医院(沙河北路)--北市区车场),2
206路(昆三中(春融东路)--眠山车场),207路(雨花公交枢纽站(彩云南路)--眠山车场),7
206路(昆三中(春融东路)--眠山车场),213路(潘家湾(西昌路)--螺蛳湾二期车场),3
206路(昆三中(春融东路)--眠山车场),251路(羊甫车场--螺蛳湾公交枢纽站(彩云北路)),1
206路(昆三中(春融东路)--眠山车场),264路(弥勒寺(西昌路)--海埂大坝车场),1
207路(雨花公交枢纽站(彩云南路)--眠山车场),208路(昆三中(春融东路)--丽阳星城小区(海源北路)),5
207路(雨花公交枢纽站(彩云南路)--眠山车场),218路(滇池星城小区(海湖路)--新册公交枢纽站),1
207路(雨花公交枢纽站(彩云南路)--眠山车场),231路(百汇商场--眠山车场),1
207路(雨花公交枢纽站(彩云南路)--眠山车场),255路(福保文化城--螺蛳湾公交枢纽站(怡安路)),1
207路(雨花公交枢纽站(彩云南路)--眠山车场),C13路(官南立交桥南口--螺蛳湾公交枢纽站(怡安路)),1
208路(昆三中(春融东路)--丽阳星城小区(海源北路)),215路(斗南村(鲜花大道)--新册公交枢纽站),1
208路(昆三中(春融东路)--丽阳星城小区(海源北路)),218路(滇池星城小区(海湖路)--新册公交枢纽站),2
208路(昆三中(春融东路)--丽阳星城小区(海源北路)),232路(官渡区政府--巫家坝车场),1
208路(昆三中(春融东路)--丽阳星城小区(海源北路)),233路(高新区车场--海埂公园(滇池路)),1
208路(昆三中(春融东路)--丽阳星城小区(海源北路)),267路(西苑立交桥--云南省阜外医院(沙河北路)),1
208路(昆三中(春融东路)--丽阳星城小区(海源北路)),908路(螺蛳湾商贸城东(商博街)--马街),2
208路(昆三中(春融东路)--丽阳星城小区(海源北路)),A9路(官渡广场(国贸路)--云南民族村),1
208路(昆三中(春融东路)--丽阳星城小区(海源北路)),K13路(海源寺车场--南屏街西口),1
208路(昆三中(春融东路)--丽阳星城小区(海源北路)),K19路(春融街地铁站C口--博欣路西口),1
213路(潘家湾(西昌路)--螺蛳湾二期车场),252路(半岛车场--螺蛳湾二期车场),1
213路(潘家湾(西昌路)--螺蛳湾二期车场),253路(官渡区政府--经开区车场),2
213路(潘家湾(西昌路)--螺蛳湾二期车场),254路(金星地铁站B口--巫家坝车场),2
213路(潘家湾(西昌路)--螺蛳湾二期车场),902路(螺蛳湾商贸城东(商博街)--东部公交枢纽站),4
213路(潘家湾(西昌路)--螺蛳湾二期车场),941路(皇冠假日酒店--潘家湾(西昌路)),1
213路(潘家湾(西昌路)--螺蛳湾二期车场),A11路(煤机新村--经景路口(云内动力北)),1
213路(潘家湾(西昌路)--螺蛳湾二期车场),K2路(东寺街--云南省阜外医院(沙河北路)),1
215路(斗南村(鲜花大道)--新册公交枢纽站),216路(呈贡广场--雨花公交枢纽站),2
215路(斗南村(鲜花大道)--新册公交枢纽站),218路(滇池星城小区(海湖路)--新册公交枢纽站),3
215路(斗南村(鲜花大道)--新册公交枢纽站),221路(螺蛳湾公交枢纽站(商博街)--新册公交枢纽站),3
215路(斗南村(鲜花大道)--新册公交枢纽站),225路(呈贡广场--新发村),3
215路(斗南村(鲜花大道)--新册公交枢纽站),250路(大渔公园--东盟森林小区),1
216路(呈贡广场--雨花公交枢纽站),218路(滇池星城小区(海湖路)--新册公交枢纽站),1
216路(呈贡广场--雨花公交枢纽站),219路(呈贡广场--雨花公交枢纽站),3
216路(呈贡广场--雨花公交枢纽站),221路(螺蛳湾公交枢纽站(商博街)--新册公交枢纽站),1
216路(呈贡广场--雨花公交枢纽站),223路(雨花公交枢纽站--万溪冲公交首末站),1
216路(呈贡广场--雨花公交枢纽站),226路(马郎--呈贡广场),1
216路(呈贡广场--雨花公交枢纽站),C4路乙线(螺蛳湾公交枢纽站--螺蛳湾公交枢纽站(商博街)),2
216路(呈贡广场--雨花公交枢纽站),C85路(昆明站--大渔公园),1
216路(呈贡广场--雨花公交枢纽站),D25路(朝云街口(谊康北路)--雨花公交枢纽站),1
216路(呈贡广场--雨花公交枢纽站),D26路(新册公交枢纽站--雨花路(艺术学院)),1
216路(呈贡广场--雨花公交枢纽站),K20路(信息产业基地车场--春融街地铁站C口),1
216路(呈贡广场--雨花公交枢纽站),K37路(昆明南站--高新区管委会(马金铺)),1
218路(滇池星城小区(海湖路)--新册公交枢纽站),219路(呈贡广场--雨花公交枢纽站),3
218路(滇池星城小区(海湖路)--新册公交枢纽站),221路(螺蛳湾公交枢纽站(商博街)--新册公交枢纽站),1
218路(滇池星城小区(海湖路)--新册公交枢纽站),225路(呈贡广场--新发村),1
218路(滇池星城小区(海湖路)--新册公交枢纽站),227路(石城村--呈贡广场),1
218路(滇池星城小区(海湖路)--新册公交枢纽站),C7路(滇池星城小区(海湖路)--螺蛳湾公交枢纽站(商博街)),2
218路(滇池星城小区(海湖路)--新册公交枢纽站),C85路(昆明站--大渔公园),1
218路(滇池星城小区(海湖路)--新册公交枢纽站),D26路(新册公交枢纽站--雨花路(艺术学院)),1
218路(滇池星城小区(海湖路)--新册公交枢纽站),K19路(春融街地铁站C口--博欣路西口),1
218路(滇池星城小区(海湖路)--新册公交枢纽站),K20路(信息产业基地车场--春融街地铁站C口),1
218路(滇池星城小区(海湖路)--新册公交枢纽站),K53路(逸园--新册公交枢纽站),1
218路(滇池星城小区(海湖路)--新册公交枢纽站),Z27路(春融街地铁站C口--白龙潭B园3号门),2
218路(滇池星城小区(海湖路)--新册公交枢纽站),Z92路(洛龙村(祥和街)--白龙潭B园1号门),1
219路(呈贡广场--雨花公交枢纽站),221路(螺蛳湾公交枢纽站(商博街)--新册公交枢纽站),1
219路(呈贡广场--雨花公交枢纽站),223路(雨花公交枢纽站--万溪冲公交首末站),1
219路(呈贡广场--雨花公交枢纽站),226路(马郎--呈贡广场),8
219路(呈贡广场--雨花公交枢纽站),C85路(昆明站--大渔公园),3
219路(呈贡广场--雨花公交枢纽站),D25路(朝云街口(谊康北路)--雨花公交枢纽站),1
219路(呈贡广场--雨花公交枢纽站),K32路(斗南花市东--昆明南站),1
21路(昆阳磷肥厂--小西门车场),51路(公交东部修理公司--高i),1
21路(昆阳磷肥厂--小西门车场),54路(眠山车场--金瓦路口(虹桥路)),1
221路(螺蛳湾公交枢纽站(商博街)--新册公交枢纽站),225路(呈贡广场--新发村),2
221路(螺蛳湾公交枢纽站(商博街)--新册公交枢纽站),250路(大渔公园--东盟森林小区),3
221路(螺蛳湾公交枢纽站(商博街)--新册公交枢纽站),902路(螺蛳湾商贸城东(商博街)--东部公交枢纽站),1
221路(螺蛳湾公交枢纽站(商博街)--新册公交枢纽站),923路(昆明南站--黄土坡车场),1
221路(螺蛳湾公交枢纽站(商博街)--新册公交枢纽站),A6路(螺蛳湾公交枢纽站(商博街)--航天城),1
221路(螺蛳湾公交枢纽站(商博街)--新册公交枢纽站),C4路乙线(螺蛳湾公交枢纽站--螺蛳湾公交枢纽站(商博街)),1
221路(螺蛳湾公交枢纽站(商博街)--新册公交枢纽站),D26路(新册公交枢纽站--雨花路(艺术学院)),1
221路(螺蛳湾公交枢纽站(商博街)--新册公交枢纽站),K20路(信息产业基地车场--春融街地铁站C口),2
223路(雨花公交枢纽站--万溪冲公交首末站),265路(捞鱼河公园--雨花公交枢纽站),1
223路(雨花公交枢纽站--万溪冲公交首末站),C86路(大渔公园--洛龙公园(祥和街)),2
223路(雨花公交枢纽站--万溪冲公交首末站),D25路(朝云街口(谊康北路)--雨花公交枢纽站),1
223路(雨花公交枢纽站--万溪冲公交首末站),Z8路(昆明南站西广场--雨花公交枢纽站),1
225路(呈贡广场--新发村),226路(马郎--呈贡广场),1
225路(呈贡广场--新发村),C4路乙线(螺蛳湾公交枢纽站--螺蛳湾公交枢纽站(商博街)),2
225路(呈贡广场--新发村),C86路(大渔公园--洛龙公园(祥和街)),1
225路(呈贡广场--新发村),K53路(逸园--新册公交枢纽站),1
226路(马郎--呈贡广场),226路(马郎--呈贡广场),4
226路(马郎--呈贡广场),227路(石城村--呈贡广场),5
226路(马郎--呈贡广场),250路(大渔公园--东盟森林小区),1
226路(马郎--呈贡广场),D25路(朝云街口(谊康北路)--雨花公交枢纽站),1
226路(马郎--呈贡广场),K32路(斗南花市东--昆明南站),2
227路(石城村--呈贡广场),250路(大渔公园--东盟森林小区),6
227路(石城村--呈贡广场),C18路(昆阳(城北公交枢纽)--海口(农村信用社)),1
227路(石城村--呈贡广场),C7路(滇池星城小区(海湖路)--螺蛳湾公交枢纽站(商博街)),1
227路(石城村--呈贡广场),K31路(古滇博物馆--海埂大坝车场),2
228路(春漫大道--北市区车场),229路(果林水库南--前兴路公交枢纽站),9
228路(春漫大道--北市区车场),234路(南屏街东口--北市区车场),1
228路(春漫大道--北市区车场),235路(翠湖南路--云南野生动物园),1
228路(春漫大道--北市区车场),236路(金瓦路口(虹桥路)--北市区车场),2
228路(春漫大道--北市区车场),C137路(东部公交枢纽站--螺蛳湾公交枢纽站(商博街)),1
228路(春漫大道--北市区车场),K16路(红枫路口(林溪路)--康惠馨苑),2
228路(春漫大道--北市区车场),K18路(194路快线)(东部公交枢纽站--北市区车场),1
228路(春漫大道--北市区车场),K34路(昆明南站--经开区管委会(春漫大道)),1
229路(果林水库南--前兴路公交枢纽站),232路(官渡区政府--巫家坝车场),1
229路(果林水库南--前兴路公交枢纽站),238路(牛街庄--羊甫车场),2
229路(果林水库南--前兴路公交枢纽站),247路(银海森林小区(日新路)--金色交响家园小区),6
229路(果林水库南--前兴路公交枢纽站),253路(官渡区政府--经开区车场),1
229路(果林水库南--前兴路公交枢纽站),256路(福保文化城--前兴路公交枢纽站),1
229路(果林水库南--前兴路公交枢纽站),262路(商汇路--大观楼车场),1
229路(果林水库南--前兴路公交枢纽站),A2路(小菜园立交桥5--前兴路公交枢纽站),1
229路(果林水库南--前兴路公交枢纽站),A6路(螺蛳湾公交枢纽站(商博街)--航天城),2
229路(果林水库南--前兴路公交枢纽站),A8路(商汇路--航天城),5
229路(果林水库南--前兴路公交枢纽站),C14路(大冲村(拓翔路)--螺蛳湾公交枢纽站(怡安路)),4
229路(果林水库南--前兴路公交枢纽站),K57路(市委(朝云街)--果林水库南),1
229路(果林水库南--前兴路公交枢纽站),Z9路(螺蛳湾公交枢纽站--云景路中段),1
22路(大观楼(大观路)--东部公交枢纽站),100路(草海公交首末站--小菜园立交桥),1
22路(大观楼(大观路)--东部公交枢纽站),25路(昆明站(北京路)--北部公交枢纽站),2
22路(大观楼(大观路)--东部公交枢纽站),29路(东部公交枢纽站--黄土坡),9
22路(大观楼(大观路)--东部公交枢纽站),47路(昆明站(永平路)--金殿(穿金路口)),3
22路(大观楼(大观路)--东部公交枢纽站),52路(巫家坝--大观楼车场),1
22路(大观楼(大观路)--东部公交枢纽站),55路(西南林业大学(南院路)--高新区车场),1
22路(大观楼(大观路)--东部公交枢纽站),60路(昆明站(永平路)--东部公交枢纽站),6
22路(大观楼(大观路)--东部公交枢纽站),65路(小西门(人民西路)--巴士家园),1
22路(大观楼(大观路)--东部公交枢纽站),90路(假日湾小区(锦西路)--黄土坡),2
22路(大观楼(大观路)--东部公交枢纽站),92路(正义路步行街--北市区车场),1
22路(大观楼(大观路)--东部公交枢纽站),93路(时代年华小区(年华街)--篆塘),1
231路(百汇商场--眠山车场),268路(西部客运站(昆州路)--云南省阜外医院(沙河北路)),1
231路(百汇商场--眠山车场),923路(昆明南站--黄土坡车场),1
231路(百汇商场--眠山车场),C63路(龙院村--潘家湾(西昌路)),2
231路(百汇商场--眠山车场),C65路(西站--昆明电缆厂生活区),1
231路(百汇商场--眠山车场),C8路(阳光花园小区(日新西路)--眠山车场),1
231路(百汇商场--眠山车场),K13路(海源寺车场--南屏街西口),1
232路(官渡区政府--巫家坝车场),252路(半岛车场--螺蛳湾二期车场),1
232路(官渡区政府--巫家坝车场),253路(官渡区政府--经开区车场),1
232路(官渡区政府--巫家坝车场),254路(金星地铁站B口--巫家坝车场),1
232路(官渡区政府--巫家坝车场),255路(福保文化城--螺蛳湾公交枢纽站(怡安路)),1
232路(官渡区政府--巫家坝车场),908路(螺蛳湾商贸城东(商博街)--马街),1
232路(官渡区政府--巫家坝车场),A12路(东三环路口(白龙路)--海宝岔口),1
232路(官渡区政府--巫家坝车场),A8路(商汇路--航天城),3
233路(高新区车场--海埂公园(滇池路)),262路(商汇路--大观楼车场),1
233路(高新区车场--海埂公园(滇池路)),264路(弥勒寺(西昌路)--海埂大坝车场),2
233路(高新区车场--海埂公园(滇池路)),266路(大漾田公交首末站--黄土坡),1
233路(高新区车场--海埂公园(滇池路)),267路(西苑立交桥--云南省阜外医院(沙河北路)),1
233路(高新区车场--海埂公园(滇池路)),908路(螺蛳湾商贸城东(商博街)--马街),1
233路(高新区车场--海埂公园(滇池路)),A1路(云南民族村--世博园),9
233路(高新区车场--海埂公园(滇池路)),C1路(沙朗白族街--眠山车场),1
233路(高新区车场--海埂公园(滇池路)),C65路(西站--昆明电缆厂生活区),2
233路(高新区车场--海埂公园(滇池路)),K13路(海源寺车场--南屏街西口),1
233路(高新区车场--海埂公园(滇池路)),K25路(海埂公园东门--眠山车场),1
234路(南屏街东口--北市区车场),236路(金瓦路口(虹桥路)--北市区车场),2
234路(南屏街东口--北市区车场),A2路(小菜园立交桥5--前兴路公交枢纽站),1
234路(南屏街东口--北市区车场),Z43路(溪畔丽景小区--月牙潭公园),1
235路(翠湖南路--云南野生动物园),254路(金星地铁站B口--巫家坝车场),1
235路(翠湖南路--云南野生动物园),A1路(云南民族村--世博园),4
235路(翠湖南路--云南野生动物园),C136路(云桥村--北部公交枢纽站),1
235路(翠湖南路--云南野生动物园),Z5路(紫骏苑小区--翠湖东门),2
236路(金瓦路口(虹桥路)--北市区车场),257路(幸福邻里小区--王大桥),2
236路(金瓦路口(虹桥路)--北市区车场),925路(昆明南站--北市区车场),1
236路(金瓦路口(虹桥路)--北市区车场),B21路(昆明站(永胜路)--东部公交枢纽站),2
236路(金瓦路口(虹桥路)--北市区车场),K18路(194路快线)(东部公交枢纽站--北市区车场),1
236路(金瓦路口(虹桥路)--北市区车场),Z116路(上游水岸小区--上游水岸小区),1
238路(牛街庄--羊甫车场),251路(羊甫车场--螺蛳湾公交枢纽站(彩云北路)),1
238路(牛街庄--羊甫车场),253路(官渡区政府--经开区车场),2
238路(牛街庄--羊甫车场),A11路(煤机新村--经景路口(云内动力北)),4
238路(牛街庄--羊甫车场),A6路(螺蛳湾公交枢纽站(商博街)--航天城),1
238路(牛街庄--羊甫车场),A8路(商汇路--航天城),1
239路(普惠园(玉峰路)--黄土坡车场),266路(大漾田公交首末站--黄土坡),3
239路(普惠园(玉峰路)--黄土坡车场),923路(昆明南站--黄土坡车场),1
23路(昆明站(北京路)--北部公交枢纽站),168路(黄土坡--北部公交枢纽站),1
23路(昆明站(北京路)--北部公交枢纽站),24路(昆明站(北京路)--海埂公园(滇池路)),1
23路(昆明站(北京路)--北部公交枢纽站),25路(昆明站(北京路)--北部公交枢纽站),9
23路(昆明站(北京路)--北部公交枢纽站),26路(黄土坡--巫家坝车场),2
23路(昆明站(北京路)--北部公交枢纽站),47路(昆明站(永平路)--金殿(穿金路口)),3
23路(昆明站(北京路)--北部公交枢纽站),61路(白马--北市区车场),9
241路(司家营地铁站--云南野生动物园),C136路(云桥村--北部公交枢纽站),1
241路(司家营地铁站--云南野生动物园),Z137路(司家营地铁站--茨坝正街路口),1
244路(苏家塘--草海公交首末站),258路(马街--大观楼(大观路)),3
244路(苏家塘--草海公交首末站),267路(西苑立交桥--云南省阜外医院(沙河北路)),1
244路(苏家塘--草海公交首末站),C8路(阳光花园小区(日新西路)--眠山车场),2
244路(苏家塘--草海公交首末站),K10路(鲜花大道路口--眠山车场),1
247路(银海森林小区(日新路)--金色交响家园小区),257路(幸福邻里小区--王大桥),4
247路(银海森林小区(日新路)--金色交响家园小区),A2路(小菜园立交桥5--前兴路公交枢纽站),2
247路(银海森林小区(日新路)--金色交响家园小区),A8路(商汇路--航天城),1
247路(银海森林小区(日新路)--金色交响家园小区),B21路(昆明站(永胜路)--东部公交枢纽站),3
247路(银海森林小区(日新路)--金色交响家园小区),C13路(官南立交桥南口--螺蛳湾公交枢纽站(怡安路)),2
24路(昆明站(北京路)--海埂公园(滇池路)),112路(威远街口(护国路)--湖畔之梦小区),1
24路(昆明站(北京路)--海埂公园(滇池路)),127路(海源寺车场--商汇路),1
24路(昆明站(北京路)--海埂公园(滇池路)),129路(逸雅路口(华晨路)--北市区车场),1
24路(昆明站(北京路)--海埂公园(滇池路)),25路(昆明站(北京路)--北部公交枢纽站),1
24路(昆明站(北京路)--海埂公园(滇池路)),44路(昆明站(北京路)--海埂公园(滇池路)),8
24路(昆明站(北京路)--海埂公园(滇池路)),53路(阳光花园小区(阳光中路)--半岛车场),2
24路(昆明站(北京路)--海埂公园(滇池路)),63路(前兴路公交枢纽站--太平村),2
24路(昆明站(北京路)--海埂公园(滇池路)),66路(时代年华小区(年华街)--眠山车场),3
24路(昆明站(北京路)--海埂公园(滇池路)),78路(菊花村--湖畔之梦小区),1
24路(昆明站(北京路)--海埂公园(滇池路)),Z30路(南坝(望江路)--海雅路口(海宏路)),1
250路(大渔公园--东盟森林小区),265路(捞鱼河公园--雨花公交枢纽站),1
250路(大渔公园--东盟森林小区),269路(长水国际机场(航站楼B1层)--长水航城小区西),1
250路(大渔公园--东盟森林小区),C4路乙线(螺蛳湾公交枢纽站--螺蛳湾公交枢纽站(商博街)),4
250路(大渔公园--东盟森林小区),C5路(螺蛳湾公交枢纽站--塔山路口(生物谷街)),5
250路(大渔公园--东盟森林小区),C6路乙线(呈贡广场--螺蛳湾公交枢纽站(商博街)),1
250路(大渔公园--东盟森林小区),C86路(大渔公园--洛龙公园(祥和街)),1
251路(羊甫车场--螺蛳湾公交枢纽站(彩云北路)),261路(官渡区政府--羊甫车场),5
251路(羊甫车场--螺蛳湾公交枢纽站(彩云北路)),920路(昆明南站--昆明站(永平路)),1
251路(羊甫车场--螺蛳湾公交枢纽站(彩云北路)),A6路(螺蛳湾公交枢纽站(商博街)--航天城),1
251路(羊甫车场--螺蛳湾公交枢纽站(彩云北路)),C12路(彩云北路口(贵昆路)--螺蛳湾商贸城东),1
251路(羊甫车场--螺蛳湾公交枢纽站(彩云北路)),Z34路(子君村(彩云北路)--子君村(彩云北路)),1
251路(羊甫车场--螺蛳湾公交枢纽站(彩云北路)),Z49路(子君村(彩云北路)--螺蛳湾二期车场),1
252路(半岛车场--螺蛳湾二期车场),253路(官渡区政府--经开区车场),3
252路(半岛车场--螺蛳湾二期车场),A12路(东三环路口(白龙路)--海宝岔口),3
252路(半岛车场--螺蛳湾二期车场),C12路(彩云北路口(贵昆路)--螺蛳湾商贸城东),1
252路(半岛车场--螺蛳湾二期车场),C143路(螺蛳湾公交枢纽站(西行)--西部客运站(昆州路)),1
252路(半岛车场--螺蛳湾二期车场),K22路(半岛车场--前兴路公交枢纽站),1
253路(官渡区政府--经开区车场),255路(福保文化城--螺蛳湾公交枢纽站(怡安路)),3
253路(官渡区政府--经开区车场),261路(官渡区政府--羊甫车场),1
253路(官渡区政府--经开区车场),902路(螺蛳湾商贸城东(商博街)--东部公交枢纽站),3
253路(官渡区政府--经开区车场),A6路(螺蛳湾公交枢纽站(商博街)--航天城),1
253路(官渡区政府--经开区车场),A8路(商汇路--航天城),2
253路(官渡区政府--经开区车场),K1路(南屏街东口--经开区车场),1
253路(官渡区政府--经开区车场),Z50路(大都购物中心(彩云北路)--后所),2
254路(金星地铁站B口--巫家坝车场),925路(昆明南站--北市区车场),1
254路(金星地铁站B口--巫家坝车场),940路(皇冠假日酒店--巫家坝车场),1
254路(金星地铁站B口--巫家坝车场),A11路(煤机新村--经景路口(云内动力北)),1
254路(金星地铁站B口--巫家坝车场),A12路(东三环路口(白龙路)--海宝岔口),1
254路(金星地铁站B口--巫家坝车场),A13路(曙光路口(东风东路)--航天城),2
254路(金星地铁站B口--巫家坝车场),A1路(云南民族村--世博园),2
254路(金星地铁站B口--巫家坝车场),Z112路(东站(环城东路)--金马立交桥南口),1
254路(金星地铁站B口--巫家坝车场),Z116路(上游水岸小区--上游水岸小区),1
255路(福保文化城--螺蛳湾公交枢纽站(怡安路)),261路(官渡区政府--羊甫车场),2
255路(福保文化城--螺蛳湾公交枢纽站(怡安路)),908路(螺蛳湾商贸城东(商博街)--马街),2
255路(福保文化城--螺蛳湾公交枢纽站(怡安路)),921路(前兴路公交枢纽站--昆明南站),1
255路(福保文化城--螺蛳湾公交枢纽站(怡安路)),C13路(官南立交桥南口--螺蛳湾公交枢纽站(怡安路)),1
255路(福保文化城--螺蛳湾公交枢纽站(怡安路)),K22路(半岛车场--前兴路公交枢纽站),1
256路(福保文化城--前兴路公交枢纽站),921路(前兴路公交枢纽站--昆明南站),1
256路(福保文化城--前兴路公交枢纽站),A9路(官渡广场(国贸路)--云南民族村),1
256路(福保文化城--前兴路公交枢纽站),C142路(螺蛳湾商贸城一期--昌源北路口(科新路)),1
256路(福保文化城--前兴路公交枢纽站),K28路(呈贡--前兴路公交枢纽站),2
257路(幸福邻里小区--王大桥),A13路(曙光路口(东风东路)--航天城),5
257路(幸福邻里小区--王大桥),B21路(昆明站(永胜路)--东部公交枢纽站),2
257路(幸福邻里小区--王大桥),C137路(东部公交枢纽站--螺蛳湾公交枢纽站(商博街)),1
257路(幸福邻里小区--王大桥),K17路(193路快线)(东站(环城南路)--东部公交枢纽站),1
257路(幸福邻里小区--王大桥),K6路(巫家坝车场--幸福邻里小区),1
258路(马街--大观楼(大观路)),268路(西部客运站(昆州路)--云南省阜外医院(沙河北路)),3
258路(马街--大观楼(大观路)),908路(螺蛳湾商贸城东(商博街)--马街),1
258路(马街--大观楼(大观路)),C70路(秋苑小区(昆州路)--赤松坪),1
258路(马街--大观楼(大观路)),C8路(阳光花园小区(日新西路)--眠山车场),1
25路(昆明站(北京路)--北部公交枢纽站),159路(霖雨桥(北京路)--昆明玉器城),2
25路(昆明站(北京路)--北部公交枢纽站),168路(黄土坡--北部公交枢纽站),4
25路(昆明站(北京路)--北部公交枢纽站),234路(南屏街东口--北市区车场),1
25路(昆明站(北京路)--北部公交枢纽站),26路(黄土坡--巫家坝车场),2
25路(昆明站(北京路)--北部公交枢纽站),28路(盛惠园小区--巫家坝车场),2
25路(昆明站(北京路)--北部公交枢纽站),29路(东部公交枢纽站--黄土坡),2
25路(昆明站(北京路)--北部公交枢纽站),44路(昆明站(北京路)--海埂公园(滇池路)),1
25路(昆明站(北京路)--北部公交枢纽站),51路(公交东部修理公司--高i),1
25路(昆明站(北京路)--北部公交枢纽站),57路(官渡广场(国贸路)--北部公交枢纽站),1
25路(昆明站(北京路)--北部公交枢纽站),61路(白马--北市区车场),1
25路(昆明站(北京路)--北部公交枢纽站),67路(银海森林小区(日新路)--北市区车场),5
25路(昆明站(北京路)--北部公交枢纽站),76路(蓝龙潭车场--金殿(穿金路口)),1
25路(昆明站(北京路)--北部公交枢纽站),79路(环城北路--北部公交枢纽站),3
260路(小康路口(福保路)--昆明站(永平路)),920路(昆明南站--昆明站(永平路)),1
260路(小康路口(福保路)--昆明站(永平路)),A2路(小菜园立交桥5--前兴路公交枢纽站),2
261路(官渡区政府--羊甫车场),908路(螺蛳湾商贸城东(商博街)--马街),1
261路(官渡区政府--羊甫车场),Z19路(宝泽路--羊甫头地铁站),2
262路(商汇路--大观楼车场),A8路(商汇路--航天城),1
262路(商汇路--大观楼车场),C142路(螺蛳湾商贸城一期--昌源北路口(科新路)),1
262路(商汇路--大观楼车场),K25路(海埂公园东门--眠山车场),2
262路(商汇路--大观楼车场),K51路(西岳庙(海埂路)--半岛车场),1
262路(商汇路--大观楼车场),K8路(官渡广场(国贸路)--篆塘),1
262路(商汇路--大观楼车场),Z13路(金牛小区南门--大观楼车场),1
264路(弥勒寺(西昌路)--海埂大坝车场),A1路(云南民族村--世博园),1
264路(弥勒寺(西昌路)--海埂大坝车场),K31路(古滇博物馆--海埂大坝车场),1
265路(捞鱼河公园--雨花公交枢纽站),940路(皇冠假日酒店--巫家坝车场),1
265路(捞鱼河公园--雨花公交枢纽站),C85路(昆明站--大渔公园),2
265路(捞鱼河公园--雨花公交枢纽站),C86路(大渔公园--洛龙公园(祥和街)),1
265路(捞鱼河公园--雨花公交枢纽站),D25路(朝云街口(谊康北路)--雨花公交枢纽站),1
265路(捞鱼河公园--雨花公交枢纽站),K19路(春融街地铁站C口--博欣路西口),1
266路(大漾田公交首末站--黄土坡),267路(西苑立交桥--云南省阜外医院(沙河北路)),1
266路(大漾田公交首末站--黄土坡),268路(西部客运站(昆州路)--云南省阜外医院(沙河北路)),1
266路(大漾田公交首末站--黄土坡),C1路(沙朗白族街--眠山车场),3
266路(大漾田公交首末站--黄土坡),Z41路(大漾田公交首末站--黄土坡),1
267路(西苑立交桥--云南省阜外医院(沙河北路)),268路(西部客运站(昆州路)--云南省阜外医院(沙河北路)),1
267路(西苑立交桥--云南省阜外医院(沙河北路)),907路(西北部公交枢纽站--北部公交枢纽站),3
267路(西苑立交桥--云南省阜外医院(沙河北路)),B35路(云南省阜外医院(沙河北路)--北市区车场),1
267路(西苑立交桥--云南省阜外医院(沙河北路)),C1路(沙朗白族街--眠山车场),1
267路(西苑立交桥--云南省阜外医院(沙河北路)),C26路(海口镇--梁家河车场),1
267路(西苑立交桥--云南省阜外医院(沙河北路)),K2路(东寺街--云南省阜外医院(沙河北路)),1
268路(西部客运站(昆州路)--云南省阜外医院(沙河北路)),908路(螺蛳湾商贸城东(商博街)--马街),2
268路(西部客运站(昆州路)--云南省阜外医院(沙河北路)),B35路(云南省阜外医院(沙河北路)--北市区车场),1
268路(西部客运站(昆州路)--云南省阜外医院(沙河北路)),C10路(龙庆贰村--眠山车场),4
268路(西部客运站(昆州路)--云南省阜外医院(沙河北路)),C11路(长坡二村--眠山车场),1
268路(西部客运站(昆州路)--云南省阜外医院(沙河北路)),C8路(阳光花园小区(日新西路)--眠山车场),1
268路(西部客运站(昆州路)--云南省阜外医院(沙河北路)),Z41路(大漾田公交首末站--黄土坡),2
269路(长水国际机场(航站楼B1层)--长水航城小区西),C131路(东胤城乡公交羊桃箐车场--新螺蛳湾公交枢纽站(商博街)),1
269路(长水国际机场(航站楼B1层)--长水航城小区西),C16路(厂口乡政府--眠山车场),1
269路(长水国际机场(航站楼B1层)--长水航城小区西),K46路(大板桥公交车场--云桥村),1
26路(黄土坡--巫家坝车场),109路(阳光花园小区(阳光中路)--巫家坝车场),1
26路(黄土坡--巫家坝车场),113路(大漾田公交首末站--潘家湾(人民西路)),1
26路(黄土坡--巫家坝车场),140路(昆明站(永平路)--羊甫车场),1
26路(黄土坡--巫家坝车场),28路(盛惠园小区--巫家坝车场),2
26路(黄土坡--巫家坝车场),29路(东部公交枢纽站--黄土坡),1
26路(黄土坡--巫家坝车场),47路(昆明站(永平路)--金殿(穿金路口)),2
26路(黄土坡--巫家坝车场),51路(公交东部修理公司--高i),1
26路(黄土坡--巫家坝车场),52路(巫家坝--大观楼车场),3
26路(黄土坡--巫家坝车场),55路(西南林业大学(南院路)--高新区车场),3
26路(黄土坡--巫家坝车场),60路(昆明站(永平路)--东部公交枢纽站),1
26路(黄土坡--巫家坝车场),62路(巫家坝车场--梁源三区),2
26路(黄土坡--巫家坝车场),65路(小西门(人民西路)--巴士家园),1
26路(黄土坡--巫家坝车场),78路(菊花村--湖畔之梦小区),1
26路(黄土坡--巫家坝车场),84路(南屏街西口--北市区车场),1
28路(盛惠园小区--巫家坝车场),108路(昆船大道--南屏街东口),2
28路(盛惠园小区--巫家坝车场),257路(幸福邻里小区--王大桥),4
28路(盛惠园小区--巫家坝车场),51路(公交东部修理公司--高i),2
28路(盛惠园小区--巫家坝车场),62路(巫家坝车场--梁源三区),3
28路(盛惠园小区--巫家坝车场),63路(前兴路公交枢纽站--太平村),3
28路(盛惠园小区--巫家坝车场),72路(公交东部修理公司--岗头村),1
28路(盛惠园小区--巫家坝车场),75路(西南林业大学(南院路)--眠山车场),1
28路(盛惠园小区--巫家坝车场),89路(金沙小区--福海乡),1
28路(盛惠园小区--巫家坝车场),902路(螺蛳湾商贸城东(商博街)--东部公交枢纽站),1
28路(盛惠园小区--巫家坝车场),C137路(东部公交枢纽站--螺蛳湾公交枢纽站(商博街)),1
29路(东部公交枢纽站--黄土坡),146路(眠山车场--金殿(穿金路口)),1
29路(东部公交枢纽站--黄土坡),47路(昆明站(永平路)--金殿(穿金路口)),1
29路(东部公交枢纽站--黄土坡),50路(威远街口(护国路)--金殿车场),1
29路(东部公交枢纽站--黄土坡),54路(眠山车场--金瓦路口(虹桥路)),3
29路(东部公交枢纽站--黄土坡),55路(西南林业大学(南院路)--高新区车场),1
29路(东部公交枢纽站--黄土坡),57路(官渡广场(国贸路)--北部公交枢纽站),1
29路(东部公交枢纽站--黄土坡),59路(金星立交桥西口(二环北路)--昆明站(永平路)),1
29路(东部公交枢纽站--黄土坡),60路(昆明站(永平路)--东部公交枢纽站),7
29路(东部公交枢纽站--黄土坡),65路(小西门(人民西路)--巴士家园),1
29路(东部公交枢纽站--黄土坡),70路(西南林业大学(南院路)--海源寺车场),9
29路(东部公交枢纽站--黄土坡),77路(金色交响家园小区--正义路步行街),2
29路(东部公交枢纽站--黄土坡),906路(东部公交枢纽站--北部公交枢纽站),1
2路(黄土坡--昆明站(永平路)),10路(南屏街西口--金殿车场),2
2路(黄土坡--昆明站(永平路)),23路(昆明站(北京路)--北部公交枢纽站),4
2路(黄土坡--昆明站(永平路)),26路(黄土坡--巫家坝车场),2
2路(黄土坡--昆明站(永平路)),31路(康盛电器城--昆明站(永平路)),1
2路(黄土坡--昆明站(永平路)),3路(颐园小区(白云路)--前兴路公交枢纽站),1
2路(黄土坡--昆明站(永平路)),54路(眠山车场--金瓦路口(虹桥路)),3
2路(黄土坡--昆明站(永平路)),8路(昆师路--轻机厂),3
31路(康盛电器城--昆明站(永平路)),154路(螺蛳湾公交枢纽站--银苑小区(日新路)),7
31路(康盛电器城--昆明站(永平路)),161路(威远街口(护国路)--世纪城车场),1
31路(康盛电器城--昆明站(永平路)),165路(云南民族村--螺蛳湾二期车场),4
31路(康盛电器城--昆明站(永平路)),32路(半岛车场--昆明站(永平路)),7
32路(半岛车场--昆明站(永平路)),135路(福保文化城--海埂大坝车场),2
32路(半岛车场--昆明站(永平路)),255路(福保文化城--螺蛳湾公交枢纽站(怡安路)),1
32路(半岛车场--昆明站(永平路)),260路(小康路口(福保路)--昆明站(永平路)),2
32路(半岛车场--昆明站(永平路)),47路(昆明站(永平路)--金殿(穿金路口)),1
32路(半岛车场--昆明站(永平路)),52路(巫家坝--大观楼车场),2
32路(半岛车场--昆明站(永平路)),53路(阳光花园小区(阳光中路)--半岛车场),3
32路(半岛车场--昆明站(永平路)),67路(银海森林小区(日新路)--北市区车场),2
32路(半岛车场--昆明站(永平路)),78路(菊花村--湖畔之梦小区),2
32路(半岛车场--昆明站(永平路)),90路(假日湾小区(锦西路)--黄土坡),1
3路(颐园小区(白云路)--前兴路公交枢纽站),10路(南屏街西口--金殿车场),1
3路(颐园小区(白云路)--前兴路公交枢纽站),23路(昆明站(北京路)--北部公交枢纽站),5
3路(颐园小区(白云路)--前兴路公交枢纽站),24路(昆明站(北京路)--海埂公园(滇池路)),6
3路(颐园小区(白云路)--前兴路公交枢纽站),4路(小菜园立交桥--大观楼车场),5
3路(颐园小区(白云路)--前兴路公交枢纽站),54路(眠山车场--金瓦路口(虹桥路)),1
3路(颐园小区(白云路)--前兴路公交枢纽站),63路(前兴路公交枢纽站--太平村),1
3路(颐园小区(白云路)--前兴路公交枢纽站),64路(昆明站(永平路)--小菜园立交桥),1
44路(昆明站(北京路)--海埂公园(滇池路)),58路(昆明站(永平路)--科锦路口(二环西路)),3
44路(昆明站(北京路)--海埂公园(滇池路)),73路(得胜桥(青年路)--海埂公园(滇池路)),15
44路(昆明站(北京路)--海埂公园(滇池路)),83路(昆明站(北京路)--海源寺车场),1
46路(印城家苑小区--大板桥地铁站),C67路(大板桥镇--关上车场(黑土凹)),4
46路(印城家苑小区--大板桥地铁站),K55路(大板桥地铁站--地铁机场前站),1
47路(昆明站(永平路)--金殿(穿金路口)),50路(威远街口(护国路)--金殿车场),3
47路(昆明站(永平路)--金殿(穿金路口)),54路(眠山车场--金瓦路口(虹桥路)),3
47路(昆明站(永平路)--金殿(穿金路口)),55路(西南林业大学(南院路)--高新区车场),2
47路(昆明站(永平路)--金殿(穿金路口)),57路(官渡广场(国贸路)--北部公交枢纽站),1
47路(昆明站(永平路)--金殿(穿金路口)),58路(昆明站(永平路)--科锦路口(二环西路)),1
47路(昆明站(永平路)--金殿(穿金路口)),68路(南屏街东口--前兴路公交枢纽站),3
47路(昆明站(永平路)--金殿(穿金路口)),69路(金殿车场--建设路),3
47路(昆明站(永平路)--金殿(穿金路口)),72路(公交东部修理公司--岗头村),2
4路(小菜园立交桥--大观楼车场),22路(大观楼(大观路)--东部公交枢纽站),1
4路(小菜园立交桥--大观楼车场),52路(巫家坝--大观楼车场),1
4路(小菜园立交桥--大观楼车场),59路(金星立交桥西口(二环北路)--昆明站(永平路)),5
4路(小菜园立交桥--大观楼车场),62路(巫家坝车场--梁源三区),2
4路(小菜园立交桥--大观楼车场),64路(昆明站(永平路)--小菜园立交桥),1
4路(小菜园立交桥--大观楼车场),75路(西南林业大学(南院路)--眠山车场),1
4路(小菜园立交桥--大观楼车场),93路(时代年华小区(年华街)--篆塘),3
4路(小菜园立交桥--大观楼车场),9路(火车北站(环城北路)--北部公交枢纽站),1
50路(威远街口(护国路)--金殿车场),54路(眠山车场--金瓦路口(虹桥路)),1
50路(威远街口(护国路)--金殿车场),55路(西南林业大学(南院路)--高新区车场),1
50路(威远街口(护国路)--金殿车场),56路(家乐福--海源寺车场),1
50路(威远街口(护国路)--金殿车场),57路(官渡广场(国贸路)--北部公交枢纽站),8
50路(威远街口(护国路)--金殿车场),60路(昆明站(永平路)--东部公交枢纽站),2
50路(威远街口(护国路)--金殿车场),68路(南屏街东口--前兴路公交枢纽站),1
50路(威远街口(护国路)--金殿车场),69路(金殿车场--建设路),1
50路(威远街口(护国路)--金殿车场),70路(西南林业大学(南院路)--海源寺车场),1
50路(威远街口(护国路)--金殿车场),74路(北市区车场--菊花村),1
51路(公交东部修理公司--高i),199路(九夏云水小区--昆明站(永平路)),2
51路(公交东部修理公司--高i),52路(巫家坝--大观楼车场),1
51路(公交东部修理公司--高i),72路(公交东部修理公司--岗头村),4
51路(公交东部修理公司--高i),75路(西南林业大学(南院路)--眠山车场),3
51路(公交东部修理公司--高i),81路(鲜花大道路口--海源寺车场),3
51路(公交东部修理公司--高i),94路(高i--海埂公园),1
51路(公交东部修理公司--高i),98路(苏家塘--公交东部修理公司),1
51路(公交东部修理公司--高i),C11路(长坡二村--眠山车场),1
52路(巫家坝--大观楼车场),54路(眠山车场--金瓦路口(虹桥路)),2
52路(巫家坝--大观楼车场),57路(官渡广场(国贸路)--北部公交枢纽站),3
52路(巫家坝--大观楼车场),58路(昆明站(永平路)--科锦路口(二环西路)),1
52路(巫家坝--大观楼车场),63路(前兴路公交枢纽站--太平村),2
52路(巫家坝--大观楼车场),64路(昆明站(永平路)--小菜园立交桥),2
52路(巫家坝--大观楼车场),66路(时代年华小区(年华街)--眠山车场),2
52路(巫家坝--大观楼车场),67路(银海森林小区(日新路)--北市区车场),1
52路(巫家坝--大观楼车场),95路(大观楼车场--白龙路口(白云路)),2
53路(阳光花园小区(阳光中路)--半岛车场),109路(阳光花园小区(阳光中路)--巫家坝车场),1
53路(阳光花园小区(阳光中路)--半岛车场),129路(逸雅路口(华晨路)--北市区车场),1
53路(阳光花园小区(阳光中路)--半岛车场),207路(雨花公交枢纽站(彩云南路)--眠山车场),1
53路(阳光花园小区(阳光中路)--半岛车场),255路(福保文化城--螺蛳湾公交枢纽站(怡安路)),1
53路(阳光花园小区(阳光中路)--半岛车场),256路(福保文化城--前兴路公交枢纽站),3
53路(阳光花园小区(阳光中路)--半岛车场),78路(菊花村--湖畔之梦小区),3
53路(阳光花园小区(阳光中路)--半岛车场),87路(半岛车场--螺蛳湾公交枢纽站(彩云北路)),1
53路(阳光花园小区(阳光中路)--半岛车场),93路(时代年华小区(年华街)--篆塘),2
53路(阳光花园小区(阳光中路)--半岛车场),97路(杨家地(邬小路)--篆塘),1
53路(阳光花园小区(阳光中路)--半岛车场),K28路(呈贡--前兴路公交枢纽站),1
54路(眠山车场--金瓦路口(虹桥路)),108路(昆船大道--南屏街东口),2
54路(眠山车场--金瓦路口(虹桥路)),56路(家乐福--海源寺车场),3
54路(眠山车场--金瓦路口(虹桥路)),61路(白马--北市区车场),5
54路(眠山车场--金瓦路口(虹桥路)),66路(时代年华小区(年华街)--眠山车场),2
54路(眠山车场--金瓦路口(虹桥路)),69路(金殿车场--建设路),2
54路(眠山车场--金瓦路口(虹桥路)),72路(公交东部修理公司--岗头村),1
54路(眠山车场--金瓦路口(虹桥路)),75路(西南林业大学(南院路)--眠山车场),1
54路(眠山车场--金瓦路口(虹桥路)),77路(金色交响家园小区--正义路步行街),3
54路(眠山车场--金瓦路口(虹桥路)),C26路(海口镇--梁家河车场),1
55路(西南林业大学(南院路)--高新区车场),268路(西部客运站(昆州路)--云南省阜外医院(沙河北路)),1
55路(西南林业大学(南院路)--高新区车场),56路(家乐福--海源寺车场),4
55路(西南林业大学(南院路)--高新区车场),58路(昆明站(永平路)--科锦路口(二环西路)),1
55路(西南林业大学(南院路)--高新区车场),59路(金星立交桥西口(二环北路)--昆明站(永平路)),4
55路(西南林业大学(南院路)--高新区车场),60路(昆明站(永平路)--东部公交枢纽站),1
55路(西南林业大学(南院路)--高新区车场),64路(昆明站(永平路)--小菜园立交桥),2
55路(西南林业大学(南院路)--高新区车场),69路(金殿车场--建设路),2
55路(西南林业大学(南院路)--高新区车场),70路(西南林业大学(南院路)--海源寺车场),2
55路(西南林业大学(南院路)--高新区车场),71路(南屏街东口--金殿车场),2
55路(西南林业大学(南院路)--高新区车场),83路(昆明站(北京路)--海源寺车场),1
55路(西南林业大学(南院路)--高新区车场),85路(联盟路--海源寺车场),2
55路(西南林业大学(南院路)--高新区车场),90路(假日湾小区(锦西路)--黄土坡),1
55路(西南林业大学(南院路)--高新区车场),95路(大观楼车场--白龙路口(白云路)),2
55路(西南林业大学(南院路)--高新区车场),96路(永昌小区(华昌路)--北部公交枢纽站),1
56路(家乐福--海源寺车场),106路(滇池卫城小区--黄土坡),1
56路(家乐福--海源寺车场),112路(威远街口(护国路)--湖畔之梦小区),1
56路(家乐福--海源寺车场),113路(大漾田公交首末站--潘家湾(人民西路)),1
56路(家乐福--海源寺车场),116路(南屏街西口--眠山车场),1
56路(家乐福--海源寺车场),133路(金鼎园--家乐福),1
56路(家乐福--海源寺车场),146路(眠山车场--金殿(穿金路口)),2
56路(家乐福--海源寺车场),180路(张家村(兴苑路)--海源寺车场),4
56路(家乐福--海源寺车场),58路(昆明站(永平路)--科锦路口(二环西路)),2
56路(家乐福--海源寺车场),61路(白马--北市区车场),3
56路(家乐福--海源寺车场),64路(昆明站(永平路)--小菜园立交桥),2
56路(家乐福--海源寺车场),66路(时代年华小区(年华街)--眠山车场),6
56路(家乐福--海源寺车场),70路(西南林业大学(南院路)--海源寺车场),1
56路(家乐福--海源寺车场),77路(金色交响家园小区--正义路步行街),1
56路(家乐福--海源寺车场),85路(联盟路--海源寺车场),2
57路(官渡广场(国贸路)--北部公交枢纽站),110路(官渡广场(国贸路)--篆塘),3
57路(官渡广场(国贸路)--北部公交枢纽站),60路(昆明站(永平路)--东部公交枢纽站),5
57路(官渡广场(国贸路)--北部公交枢纽站),67路(银海森林小区(日新路)--北市区车场),2
57路(官渡广场(国贸路)--北部公交枢纽站),69路(金殿车场--建设路),2
57路(官渡广场(国贸路)--北部公交枢纽站),70路(西南林业大学(南院路)--海源寺车场),1
57路(官渡广场(国贸路)--北部公交枢纽站),76路(蓝龙潭车场--金殿(穿金路口)),3
57路(官渡广场(国贸路)--北部公交枢纽站),79路(环城北路--北部公交枢纽站),1
57路(官渡广场(国贸路)--北部公交枢纽站),91路(阳光花园小区(日新西路)--北市区车场),4
58路(昆明站(永平路)--科锦路口(二环西路)),115路(西苑立交桥--蓝龙潭车场),2
58路(昆明站(永平路)--科锦路口(二环西路)),59路(金星立交桥西口(二环北路)--昆明站(永平路)),2
58路(昆明站(永平路)--科锦路口(二环西路)),61路(白马--北市区车场),4
58路(昆明站(永平路)--科锦路口(二环西路)),62路(巫家坝车场--梁源三区),1
58路(昆明站(永平路)--科锦路口(二环西路)),64路(昆明站(永平路)--小菜园立交桥),1
58路(昆明站(永平路)--科锦路口(二环西路)),66路(时代年华小区(年华街)--眠山车场),2
58路(昆明站(永平路)--科锦路口(二环西路)),73路(得胜桥(青年路)--海埂公园(滇池路)),1
58路(昆明站(永平路)--科锦路口(二环西路)),80路(西部客运站(昆州路)--昆明站(永平路)),1
58路(昆明站(永平路)--科锦路口(二环西路)),81路(鲜花大道路口--海源寺车场),3
58路(昆明站(永平路)--科锦路口(二环西路)),83路(昆明站(北京路)--海源寺车场),1
58路(昆明站(永平路)--科锦路口(二环西路)),90路(假日湾小区(锦西路)--黄土坡),1
58路(昆明站(永平路)--科锦路口(二环西路)),96路(永昌小区(华昌路)--北部公交枢纽站),3
59路(金星立交桥西口(二环北路)--昆明站(永平路)),60路(昆明站(永平路)--东部公交枢纽站),1
59路(金星立交桥西口(二环北路)--昆明站(永平路)),63路(前兴路公交枢纽站--太平村),2
59路(金星立交桥西口(二环北路)--昆明站(永平路)),64路(昆明站(永平路)--小菜园立交桥),2
59路(金星立交桥西口(二环北路)--昆明站(永平路)),74路(北市区车场--菊花村),3
59路(金星立交桥西口(二环北路)--昆明站(永平路)),83路(昆明站(北京路)--海源寺车场),1
59路(金星立交桥西口(二环北路)--昆明站(永平路)),91路(阳光花园小区(日新西路)--北市区车场),1
59路(金星立交桥西口(二环北路)--昆明站(永平路)),92路(正义路步行街--北市区车场),3
59路(金星立交桥西口(二环北路)--昆明站(永平路)),96路(永昌小区(华昌路)--北部公交枢纽站),1
5路(茭菱路口(环城西路)--巫家坝车场),10路(南屏街西口--金殿车场),2
5路(茭菱路口(环城西路)--巫家坝车场),11路(巫家坝车场--大板桥公交车场),1
5路(茭菱路口(环城西路)--巫家坝车场),26路(黄土坡--巫家坝车场),4
5路(茭菱路口(环城西路)--巫家坝车场),28路(盛惠园小区--巫家坝车场),2
5路(茭菱路口(环城西路)--巫家坝车场),52路(巫家坝--大观楼车场),3
5路(茭菱路口(环城西路)--巫家坝车场),56路(家乐福--海源寺车场),1
5路(茭菱路口(环城西路)--巫家坝车场),62路(巫家坝车场--梁源三区),3
5路(茭菱路口(环城西路)--巫家坝车场),63路(前兴路公交枢纽站--太平村),1
60路(昆明站(永平路)--东部公交枢纽站),64路(昆明站(永平路)--小菜园立交桥),1
60路(昆明站(永平路)--东部公交枢纽站),67路(银海森林小区(日新路)--北市区车场),9
60路(昆明站(永平路)--东部公交枢纽站),69路(金殿车场--建设路),2
60路(昆明站(永平路)--东部公交枢纽站),71路(南屏街东口--金殿车场),2
60路(昆明站(永平路)--东部公交枢纽站),902路(螺蛳湾商贸城东(商博街)--东部公交枢纽站),3
60路(昆明站(永平路)--东部公交枢纽站),906路(东部公交枢纽站--北部公交枢纽站),8
60路(昆明站(永平路)--东部公交枢纽站),98路(苏家塘--公交东部修理公司),1
61路(白马--北市区车场),62路(巫家坝车场--梁源三区),3
61路(白马--北市区车场),65路(小西门(人民西路)--巴士家园),1
61路(白马--北市区车场),66路(时代年华小区(年华街)--眠山车场),3
61路(白马--北市区车场),67路(银海森林小区(日新路)--北市区车场),1
61路(白马--北市区车场),69路(金殿车场--建设路),1
61路(白马--北市区车场),71路(南屏街东口--金殿车场),5
61路(白马--北市区车场),75路(西南林业大学(南院路)--眠山车场),2
61路(白马--北市区车场),79路(环城北路--北部公交枢纽站),6
61路(白马--北市区车场),91路(阳光花园小区(日新西路)--北市区车场),1
61路(白马--北市区车场),95路(大观楼车场--白龙路口(白云路)),1
62路(巫家坝车场--梁源三区),101路(眠山车场--小菜园立交桥5),1
62路(巫家坝车场--梁源三区),103路(螺蛳湾公交枢纽站--岔街),1
62路(巫家坝车场--梁源三区),109路(阳光花园小区(阳光中路)--巫家坝车场),1
62路(巫家坝车场--梁源三区),114路(东站(环城南路)--巴士家园),1
62路(巫家坝车场--梁源三区),117路(凉亭(金马路)--昆明站(永平路)),2
62路(巫家坝车场--梁源三区),185路(绿荫大道路口--眠山车场),1
62路(巫家坝车场--梁源三区),206路(昆三中(春融东路)--眠山车场),1
62路(巫家坝车场--梁源三区),73路(得胜桥(青年路)--海埂公园(滇池路)),2
62路(巫家坝车场--梁源三区),75路(西南林业大学(南院路)--眠山车场),4
62路(巫家坝车场--梁源三区),78路(菊花村--湖畔之梦小区),5
62路(巫家坝车场--梁源三区),80路(西部客运站(昆州路)--昆明站(永平路)),2
62路(巫家坝车场--梁源三区),86路(昆明站(永胜路)--东聚路),1
62路(巫家坝车场--梁源三区),95路(大观楼车场--白龙路口(白云路)),3
63路(前兴路公交枢纽站--太平村),109路(阳光花园小区(阳光中路)--巫家坝车场),1
63路(前兴路公交枢纽站--太平村),127路(海源寺车场--商汇路),1
63路(前兴路公交枢纽站--太平村),67路(银海森林小区(日新路)--北市区车场),1
63路(前兴路公交枢纽站--太平村),68路(南屏街东口--前兴路公交枢纽站),5
63路(前兴路公交枢纽站--太平村),73路(得胜桥(青年路)--海埂公园(滇池路)),1
63路(前兴路公交枢纽站--太平村),89路(金沙小区--福海乡),6
63路(前兴路公交枢纽站--太平村),90路(假日湾小区(锦西路)--黄土坡),5
64路(昆明站(永平路)--小菜园立交桥),124路(艺术剧院--大观楼车场),1
64路(昆明站(永平路)--小菜园立交桥),65路(小西门(人民西路)--巴士家园),2
64路(昆明站(永平路)--小菜园立交桥),66路(时代年华小区(年华街)--眠山车场),2
64路(昆明站(永平路)--小菜园立交桥),68路(南屏街东口--前兴路公交枢纽站),1
64路(昆明站(永平路)--小菜园立交桥),69路(金殿车场--建设路),2
64路(昆明站(永平路)--小菜园立交桥),70路(西南林业大学(南院路)--海源寺车场),1
64路(昆明站(永平路)--小菜园立交桥),73路(得胜桥(青年路)--海埂公园(滇池路)),1
64路(昆明站(永平路)--小菜园立交桥),75路(西南林业大学(南院路)--眠山车场),2
64路(昆明站(永平路)--小菜园立交桥),96路(永昌小区(华昌路)--北部公交枢纽站),1
64路(昆明站(永平路)--小菜园立交桥),97路(杨家地(邬小路)--篆塘),1
65路(小西门(人民西路)--巴士家园),104路(大观楼(大观路)--巴士家园),4
65路(小西门(人民西路)--巴士家园),127路(海源寺车场--商汇路),1
65路(小西门(人民西路)--巴士家园),66路(时代年华小区(年华街)--眠山车场),1
65路(小西门(人民西路)--巴士家园),69路(金殿车场--建设路),1
65路(小西门(人民西路)--巴士家园),70路(西南林业大学(南院路)--海源寺车场),1
65路(小西门(人民西路)--巴士家园),84路(南屏街西口--北市区车场),2
65路(小西门(人民西路)--巴士家园),92路(正义路步行街--北市区车场),2
66路(时代年华小区(年华街)--眠山车场),101路(眠山车场--小菜园立交桥5),1
66路(时代年华小区(年华街)--眠山车场),110路(官渡广场(国贸路)--篆塘),3
66路(时代年华小区(年华街)--眠山车场),112路(威远街口(护国路)--湖畔之梦小区),1
66路(时代年华小区(年华街)--眠山车场),180路(张家村(兴苑路)--海源寺车场),1
66路(时代年华小区(年华街)--眠山车场),231路(百汇商场--眠山车场),1
66路(时代年华小区(年华街)--眠山车场),233路(高新区车场--海埂公园(滇池路)),1
66路(时代年华小区(年华街)--眠山车场),268路(西部客运站(昆州路)--云南省阜外医院(沙河北路)),1
66路(时代年华小区(年华街)--眠山车场),69路(金殿车场--建设路),2
66路(时代年华小区(年华街)--眠山车场),73路(得胜桥(青年路)--海埂公园(滇池路)),1
66路(时代年华小区(年华街)--眠山车场),75路(西南林业大学(南院路)--眠山车场),2
66路(时代年华小区(年华街)--眠山车场),82路(马街--南屏街西口),4
66路(时代年华小区(年华街)--眠山车场),85路(联盟路--海源寺车场),4
66路(时代年华小区(年华街)--眠山车场),93路(时代年华小区(年华街)--篆塘),1
66路(时代年华小区(年华街)--眠山车场),95路(大观楼车场--白龙路口(白云路)),1
66路(时代年华小区(年华街)--眠山车场),96路(永昌小区(华昌路)--北部公交枢纽站),1
66路(时代年华小区(年华街)--眠山车场),K13路(海源寺车场--南屏街西口),3
67路(银海森林小区(日新路)--北市区车场),114路(东站(环城南路)--巴士家园),1
67路(银海森林小区(日新路)--北市区车场),140路(昆明站(永平路)--羊甫车场),1
67路(银海森林小区(日新路)--北市区车场),162路(吴井桥(环城南路)--螺蛳湾公交枢纽站(怡安路)),1
67路(银海森林小区(日新路)--北市区车场),68路(南屏街东口--前兴路公交枢纽站),4
67路(银海森林小区(日新路)--北市区车场),69路(金殿车场--建设路),2
67路(银海森林小区(日新路)--北市区车场),71路(南屏街东口--金殿车场),3
67路(银海森林小区(日新路)--北市区车场),72路(公交东部修理公司--岗头村),3
67路(银海森林小区(日新路)--北市区车场),74路(北市区车场--菊花村),1
67路(银海森林小区(日新路)--北市区车场),89路(金沙小区--福海乡),1
67路(银海森林小区(日新路)--北市区车场),95路(大观楼车场--白龙路口(白云路)),3
68路(南屏街东口--前兴路公交枢纽站),108路(昆船大道--南屏街东口),1
68路(南屏街东口--前兴路公交枢纽站),109路(阳光花园小区(阳光中路)--巫家坝车场),2
68路(南屏街东口--前兴路公交枢纽站),120路(正义路--前兴路公交枢纽站),1
68路(南屏街东口--前兴路公交枢纽站),127路(海源寺车场--商汇路),1
68路(南屏街东口--前兴路公交枢纽站),71路(南屏街东口--金殿车场),2
68路(南屏街东口--前兴路公交枢纽站),78路(菊花村--湖畔之梦小区),2
68路(南屏街东口--前兴路公交枢纽站),80路(西部客运站(昆州路)--昆明站(永平路)),1
68路(南屏街东口--前兴路公交枢纽站),83路(昆明站(北京路)--海源寺车场),2
68路(南屏街东口--前兴路公交枢纽站),86路(昆明站(永胜路)--东聚路),2
69路(金殿车场--建设路),113路(大漾田公交首末站--潘家湾(人民西路)),1
69路(金殿车场--建设路),115路(西苑立交桥--蓝龙潭车场),1
69路(金殿车场--建设路),132路(正义路步行街--紫骏苑小区),2
69路(金殿车场--建设路),70路(西南林业大学(南院路)--海源寺车场),4
69路(金殿车场--建设路),71路(南屏街东口--金殿车场),5
69路(金殿车场--建设路),72路(公交东部修理公司--岗头村),1
69路(金殿车场--建设路),74路(北市区车场--菊花村),2
69路(金殿车场--建设路),82路(马街--南屏街西口),2
69路(金殿车场--建设路),84路(南屏街西口--北市区车场),1
6路(高i--眠山车场),268路(西部客运站(昆州路)--云南省阜外医院(沙河北路)),1
6路(高i--眠山车场),51路(公交东部修理公司--高i),2
6路(高i--眠山车场),7路(潘家湾(西昌路)--眠山车场),3
6路(高i--眠山车场),C11路(长坡二村--眠山车场),7
70路(西南林业大学(南院路)--海源寺车场),113路(大漾田公交首末站--潘家湾(人民西路)),1
70路(西南林业大学(南院路)--海源寺车场),266路(大漾田公交首末站--黄土坡),1
70路(西南林业大学(南院路)--海源寺车场),72路(公交东部修理公司--岗头村),2
70路(西南林业大学(南院路)--海源寺车场),74路(北市区车场--菊花村),1
70路(西南林业大学(南院路)--海源寺车场),75路(西南林业大学(南院路)--眠山车场),3
70路(西南林业大学(南院路)--海源寺车场),79路(环城北路--北部公交枢纽站),1
70路(西南林业大学(南院路)--海源寺车场),81路(鲜花大道路口--海源寺车场),8
70路(西南林业大学(南院路)--海源寺车场),83路(昆明站(北京路)--海源寺车场),7
70路(西南林业大学(南院路)--海源寺车场),85路(联盟路--海源寺车场),2
70路(西南林业大学(南院路)--海源寺车场),95路(大观楼车场--白龙路口(白云路)),1
71路(南屏街东口--金殿车场),105路(菊花村--巴士家园),3
71路(南屏街东口--金殿车场),108路(昆船大道--南屏街东口),1
71路(南屏街东口--金殿车场),114路(东站(环城南路)--巴士家园),2
71路(南屏街东口--金殿车场),146路(眠山车场--金殿(穿金路口)),2
71路(南屏街东口--金殿车场),147路(双龙乡--金殿车场),1
71路(南屏街东口--金殿车场),182路(延安医院(人民东路)--北部公交枢纽站),2
71路(南屏街东口--金殿车场),72路(公交东部修理公司--岗头村),1
71路(南屏街东口--金殿车场),79路(环城北路--北部公交枢纽站),1
71路(南屏街东口--金殿车场),83路(昆明站(北京路)--海源寺车场),1
71路(南屏街东口--金殿车场),85路(联盟路--海源寺车场),1
71路(南屏街东口--金殿车场),91路(阳光花园小区(日新西路)--北市区车场),4
72路(公交东部修理公司--岗头村),108路(昆船大道--南屏街东口),1
72路(公交东部修理公司--岗头村),182路(延安医院(人民东路)--北部公交枢纽站),1
72路(公交东部修理公司--岗头村),74路(北市区车场--菊花村),4
72路(公交东部修理公司--岗头村),75路(西南林业大学(南院路)--眠山车场),2
72路(公交东部修理公司--岗头村),77路(金色交响家园小区--正义路步行街),1
72路(公交东部修理公司--岗头村),906路(东部公交枢纽站--北部公交枢纽站),5
72路(公交东部修理公司--岗头村),92路(正义路步行街--北市区车场),3
73路(得胜桥(青年路)--海埂公园(滇池路)),106路(滇池卫城小区--黄土坡),8
73路(得胜桥(青年路)--海埂公园(滇池路)),135路(福保文化城--海埂大坝车场),1
73路(得胜桥(青年路)--海埂公园(滇池路)),75路(西南林业大学(南院路)--眠山车场),1
73路(得胜桥(青年路)--海埂公园(滇池路)),89路(金沙小区--福海乡),3
73路(得胜桥(青年路)--海埂公园(滇池路)),90路(假日湾小区(锦西路)--黄土坡),3
73路(得胜桥(青年路)--海埂公园(滇池路)),91路(阳光花园小区(日新西路)--北市区车场),2
73路(得胜桥(青年路)--海埂公园(滇池路)),93路(时代年华小区(年华街)--篆塘),1
73路(得胜桥(青年路)--海埂公园(滇池路)),94路(高i--海埂公园),2
74路(北市区车场--菊花村),114路(东站(环城南路)--巴士家园),1
74路(北市区车场--菊花村),129路(逸雅路口(华晨路)--北市区车场),1
74路(北市区车场--菊花村),213路(潘家湾(西昌路)--螺蛳湾二期车场),1
74路(北市区车场--菊花村),75路(西南林业大学(南院路)--眠山车场),1
74路(北市区车场--菊花村),77路(金色交响家园小区--正义路步行街),2
74路(北市区车场--菊花村),78路(菊花村--湖畔之梦小区),1
74路(北市区车场--菊花村),83路(昆明站(北京路)--海源寺车场),3
74路(北市区车场--菊花村),84路(南屏街西口--北市区车场),9
75路(西南林业大学(南院路)--眠山车场),101路(眠山车场--小菜园立交桥5),2
75路(西南林业大学(南院路)--眠山车场),104路(大观楼(大观路)--巴士家园),2
75路(西南林业大学(南院路)--眠山车场),105路(菊花村--巴士家园),1
75路(西南林业大学(南院路)--眠山车场),114路(东站(环城南路)--巴士家园),1
75路(西南林业大学(南院路)--眠山车场),115路(西苑立交桥--蓝龙潭车场),1
75路(西南林业大学(南院路)--眠山车场),132路(正义路步行街--紫骏苑小区),1
75路(西南林业大学(南院路)--眠山车场),182路(延安医院(人民东路)--北部公交枢纽站),1
75路(西南林业大学(南院路)--眠山车场),231路(百汇商场--眠山车场),1
75路(西南林业大学(南院路)--眠山车场),78路(菊花村--湖畔之梦小区),1
75路(西南林业大学(南院路)--眠山车场),80路(西部客运站(昆州路)--昆明站(永平路)),8
75路(西南林业大学(南院路)--眠山车场),82路(马街--南屏街西口),2
75路(西南林业大学(南院路)--眠山车场),93路(时代年华小区(年华街)--篆塘),1
75路(西南林业大学(南院路)--眠山车场),95路(大观楼车场--白龙路口(白云路)),2
75路(西南林业大学(南院路)--眠山车场),98路(苏家塘--公交东部修理公司),2
76路(蓝龙潭车场--金殿(穿金路口)),115路(西苑立交桥--蓝龙潭车场),1
76路(蓝龙潭车场--金殿(穿金路口)),146路(眠山车场--金殿(穿金路口)),1
76路(蓝龙潭车场--金殿(穿金路口)),150路(溪麓南郡小区--北市区车场),1
76路(蓝龙潭车场--金殿(穿金路口)),159路(霖雨桥(北京路)--昆明玉器城),1
76路(蓝龙潭车场--金殿(穿金路口)),241路(司家营地铁站--云南野生动物园),1
76路(蓝龙潭车场--金殿(穿金路口)),79路(环城北路--北部公交枢纽站),4
77路(金色交响家园小区--正义路步行街),132路(正义路步行街--紫骏苑小区),3
77路(金色交响家园小区--正义路步行街),145路(金沙小区--后新街),2
77路(金色交响家园小区--正义路步行街),158路(小菜园立交桥--金色交响家园小区),4
77路(金色交响家园小区--正义路步行街),228路(春漫大道--北市区车场),1
77路(金色交响家园小区--正义路步行街),89路(金沙小区--福海乡),1
77路(金色交响家园小区--正义路步行街),92路(正义路步行街--北市区车场),1
78路(菊花村--湖畔之梦小区),103路(螺蛳湾公交枢纽站--岔街),5
78路(菊花村--湖畔之梦小区),109路(阳光花园小区(阳光中路)--巫家坝车场),1
78路(菊花村--湖畔之梦小区),110路(官渡广场(国贸路)--篆塘),2
78路(菊花村--湖畔之梦小区),112路(威远街口(护国路)--湖畔之梦小区),1
78路(菊花村--湖畔之梦小区),161路(威远街口(护国路)--世纪城车场),1
78路(菊花村--湖畔之梦小区),165路(云南民族村--螺蛳湾二期车场),4
78路(菊花村--湖畔之梦小区),86路(昆明站(永胜路)--东聚路),3
78路(菊花村--湖畔之梦小区),90路(假日湾小区(锦西路)--黄土坡),2
78路(菊花村--湖畔之梦小区),98路(苏家塘--公交东部修理公司),2
79路(环城北路--北部公交枢纽站),115路(西苑立交桥--蓝龙潭车场),2
79路(环城北路--北部公交枢纽站),159路(霖雨桥(北京路)--昆明玉器城),1
79路(环城北路--北部公交枢纽站),191路(茨坝(龙泉路)--北市区车场),3
79路(环城北路--北部公交枢纽站),204路(月牙塘小区--雨花公交枢纽站(大学城地铁站)),1
79路(环城北路--北部公交枢纽站),84路(南屏街西口--北市区车场),4
79路(环城北路--北部公交枢纽站),85路(联盟路--海源寺车场),2
79路(环城北路--北部公交枢纽站),91路(阳光花园小区(日新西路)--北市区车场),1
79路(环城北路--北部公交枢纽站),92路(正义路步行街--北市区车场),1
79路(环城北路--北部公交枢纽站),96路(永昌小区(华昌路)--北部公交枢纽站),9
7路(潘家湾(西昌路)--眠山车场),116路(南屏街西口--眠山车场),4
7路(潘家湾(西昌路)--眠山车场),17路(湖西小区站--小西门),1
7路(潘家湾(西昌路)--眠山车场),268路(西部客运站(昆州路)--云南省阜外医院(沙河北路)),1
7路(潘家湾(西昌路)--眠山车场),54路(眠山车场--金瓦路口(虹桥路)),1
7路(潘家湾(西昌路)--眠山车场),55路(西南林业大学(南院路)--高新区车场),3
7路(潘家湾(西昌路)--眠山车场),56路(家乐福--海源寺车场),7
7路(潘家湾(西昌路)--眠山车场),58路(昆明站(永平路)--科锦路口(二环西路)),1
7路(潘家湾(西昌路)--眠山车场),C11路(长坡二村--眠山车场),1
80路(西部客运站(昆州路)--昆明站(永平路)),117路(凉亭(金马路)--昆明站(永平路)),1
80路(西部客运站(昆州路)--昆明站(永平路)),151路(西北部公交枢纽站--西部客运站(昆州路)),2
80路(西部客运站(昆州路)--昆明站(永平路)),166路(前兴路公交枢纽站--春苑小区),1
80路(西部客运站(昆州路)--昆明站(永平路)),181路(商汇路--眠山车场),1
80路(西部客运站(昆州路)--昆明站(永平路)),184路(大观楼(大观路)--巫家坝车场(雨龙路)),1
80路(西部客运站(昆州路)--昆明站(永平路)),262路(商汇路--大观楼车场),1
80路(西部客运站(昆州路)--昆明站(永平路)),82路(马街--南屏街西口),4
80路(西部客运站(昆州路)--昆明站(永平路)),89路(金沙小区--福海乡),3
80路(西部客运站(昆州路)--昆明站(永平路)),908路(螺蛳湾商贸城东(商博街)--马街),1
80路(西部客运站(昆州路)--昆明站(永平路)),90路(假日湾小区(锦西路)--黄土坡),1
80路(西部客运站(昆州路)--昆明站(永平路)),93路(时代年华小区(年华街)--篆塘),1
80路(西部客运站(昆州路)--昆明站(永平路)),96路(永昌小区(华昌路)--北部公交枢纽站),1
81路(鲜花大道路口--海源寺车场),100路(草海公交首末站--小菜园立交桥),3
81路(鲜花大道路口--海源寺车场),115路(西苑立交桥--蓝龙潭车场),1
81路(鲜花大道路口--海源寺车场),175路(北市区车场--西山区政府(秀苑路)),2
81路(鲜花大道路口--海源寺车场),244路(苏家塘--草海公交首末站),1
81路(鲜花大道路口--海源寺车场),83路(昆明站(北京路)--海源寺车场),10
81路(鲜花大道路口--海源寺车场),85路(联盟路--海源寺车场),2
82路(马街--南屏街西口),100路(草海公交首末站--小菜园立交桥),2
82路(马街--南屏街西口),101路(眠山车场--小菜园立交桥5),3
82路(马街--南屏街西口),148路(东寺街--马街),3
82路(马街--南屏街西口),175路(北市区车场--西山区政府(秀苑路)),1
82路(马街--南屏街西口),181路(商汇路--眠山车场),1
82路(马街--南屏街西口),84路(南屏街西口--北市区车场),3
82路(马街--南屏街西口),96路(永昌小区(华昌路)--北部公交枢纽站),1
82路(马街--南屏街西口),C63路(龙院村--潘家湾(西昌路)),1
83路(昆明站(北京路)--海源寺车场),100路(草海公交首末站--小菜园立交桥),2
83路(昆明站(北京路)--海源寺车场),104路(大观楼(大观路)--巴士家园),2
83路(昆明站(北京路)--海源寺车场),115路(西苑立交桥--蓝龙潭车场),1
83路(昆明站(北京路)--海源寺车场),116路(南屏街西口--眠山车场),1
83路(昆明站(北京路)--海源寺车场),133路(金鼎园--家乐福),3
83路(昆明站(北京路)--海源寺车场),208路(昆三中(春融东路)--丽阳星城小区(海源北路)),1
83路(昆明站(北京路)--海源寺车场),84路(南屏街西口--北市区车场),1
83路(昆明站(北京路)--海源寺车场),85路(联盟路--海源寺车场),7
83路(昆明站(北京路)--海源寺车场),89路(金沙小区--福海乡),2
83路(昆明站(北京路)--海源寺车场),90路(假日湾小区(锦西路)--黄土坡),1
83路(昆明站(北京路)--海源寺车场),91路(阳光花园小区(日新西路)--北市区车场),2
84路(南屏街西口--北市区车场),105路(菊花村--巴士家园),1
84路(南屏街西口--北市区车场),115路(西苑立交桥--蓝龙潭车场),6
84路(南屏街西口--北市区车场),116路(南屏街西口--眠山车场),1
84路(南屏街西口--北市区车场),119路(正义路--蓝龙潭车场),2
84路(南屏街西口--北市区车场),128路(昆明玉器城(欣玉路)--北市区车场),1
84路(南屏街西口--北市区车场),91路(阳光花园小区(日新西路)--北市区车场),1
84路(南屏街西口--北市区车场),96路(永昌小区(华昌路)--北部公交枢纽站),6
84路(南屏街西口--北市区车场),98路(苏家塘--公交东部修理公司),2
85路(联盟路--海源寺车场),101路(眠山车场--小菜园立交桥5),3
85路(联盟路--海源寺车场),115路(西苑立交桥--蓝龙潭车场),1
85路(联盟路--海源寺车场),116路(南屏街西口--眠山车场),2
85路(联盟路--海源寺车场),127路(海源寺车场--商汇路),3
85路(联盟路--海源寺车场),158路(小菜园立交桥--金色交响家园小区),1
85路(联盟路--海源寺车场),175路(北市区车场--西山区政府(秀苑路)),2
85路(联盟路--海源寺车场),180路(张家村(兴苑路)--海源寺车场),2
85路(联盟路--海源寺车场),208路(昆三中(春融东路)--丽阳星城小区(海源北路)),2
85路(联盟路--海源寺车场),90路(假日湾小区(锦西路)--黄土坡),2
85路(联盟路--海源寺车场),91路(阳光花园小区(日新西路)--北市区车场),1
85路(联盟路--海源寺车场),95路(大观楼车场--白龙路口(白云路)),1
85路(联盟路--海源寺车场),Z82路(云南省阜外医院(沙河北路)--海源寺车场),2
86路(昆明站(永胜路)--东聚路),103路(螺蛳湾公交枢纽站--岔街),5
86路(昆明站(永胜路)--东聚路),110路(官渡广场(国贸路)--篆塘),1
86路(昆明站(永胜路)--东聚路),118路(南屏街东口--羊甫车场),3
86路(昆明站(永胜路)--东聚路),134路(中苜蓿村--昆明站(永平路)),1
86路(昆明站(永胜路)--东聚路),A12路(东三环路口(白龙路)--海宝岔口),2
87路(半岛车场--螺蛳湾公交枢纽站(彩云北路)),169路(龙马村(云秀路)--世纪城车场),3
87路(半岛车场--螺蛳湾公交枢纽站(彩云北路)),170路(雨花公交枢纽站--广福立交南),1
87路(半岛车场--螺蛳湾公交枢纽站(彩云北路)),252路(半岛车场--螺蛳湾二期车场),1
89路(金沙小区--福海乡),105路(菊花村--巴士家园),3
89路(金沙小区--福海乡),108路(昆船大道--南屏街东口),4
89路(金沙小区--福海乡),109路(阳光花园小区(阳光中路)--巫家坝车场),1
89路(金沙小区--福海乡),120路(正义路--前兴路公交枢纽站),1
89路(金沙小区--福海乡),145路(金沙小区--后新街),1
89路(金沙小区--福海乡),247路(银海森林小区(日新路)--金色交响家园小区),2
89路(金沙小区--福海乡),91路(阳光花园小区(日新西路)--北市区车场),6
8路(昆师路--轻机厂),121路(云南冶炼厂--篆塘),1
8路(昆师路--轻机厂),151路(西北部公交枢纽站--西部客运站(昆州路)),4
8路(昆师路--轻机厂),26路(黄土坡--巫家坝车场),3
8路(昆师路--轻机厂),29路(东部公交枢纽站--黄土坡),1
8路(昆师路--轻机厂),65路(小西门(人民西路)--巴士家园),1
8路(昆师路--轻机厂),C1路(沙朗白族街--眠山车场),2
902路(螺蛳湾商贸城东(商博街)--东部公交枢纽站),906路(东部公交枢纽站--北部公交枢纽站),1
902路(螺蛳湾商贸城东(商博街)--东部公交枢纽站),927路(昆明南站--东部公交枢纽站),1
902路(螺蛳湾商贸城东(商博街)--东部公交枢纽站),940路(皇冠假日酒店--巫家坝车场),1
902路(螺蛳湾商贸城东(商博街)--东部公交枢纽站),A6路(螺蛳湾公交枢纽站(商博街)--航天城),4
902路(螺蛳湾商贸城东(商博街)--东部公交枢纽站),B21路(昆明站(永胜路)--东部公交枢纽站),1
902路(螺蛳湾商贸城东(商博街)--东部公交枢纽站),C137路(东部公交枢纽站--螺蛳湾公交枢纽站(商博街)),1
902路(螺蛳湾商贸城东(商博街)--东部公交枢纽站),C13路(官南立交桥南口--螺蛳湾公交枢纽站(怡安路)),1
902路(螺蛳湾商贸城东(商博街)--东部公交枢纽站),K17路(193路快线)(东站(环城南路)--东部公交枢纽站),1
902路(螺蛳湾商贸城东(商博街)--东部公交枢纽站),K18路(194路快线)(东部公交枢纽站--北市区车场),1
903路(大板桥公交车场--机场工作区南门),C131路(东胤城乡公交羊桃箐车场--新螺蛳湾公交枢纽站(商博街)),1
906路(东部公交枢纽站--北部公交枢纽站),907路(西北部公交枢纽站--北部公交枢纽站),1
906路(东部公交枢纽站--北部公交枢纽站),927路(昆明南站--东部公交枢纽站),1
906路(东部公交枢纽站--北部公交枢纽站),B21路(昆明站(永胜路)--东部公交枢纽站),4
906路(东部公交枢纽站--北部公交枢纽站),C136路(云桥村--北部公交枢纽站),2
906路(东部公交枢纽站--北部公交枢纽站),D8路(新螺蛳湾公交枢纽站(商博街)--北市区车场),1
906路(东部公交枢纽站--北部公交枢纽站),K18路(194路快线)(东部公交枢纽站--北市区车场),2
906路(东部公交枢纽站--北部公交枢纽站),Z1路(江州路口(源起街)--北市区车场),3
906路(东部公交枢纽站--北部公交枢纽站),Z38路(白沙润园小区北--北京路口(北辰大道)),4
907路(西北部公交枢纽站--北部公交枢纽站),917路(螺蛳湾公交枢纽站--西北部公交枢纽站),1
907路(西北部公交枢纽站--北部公交枢纽站),C101路(北部公交枢纽站--呈贡广场),1
907路(西北部公交枢纽站--北部公交枢纽站),C1路(沙朗白族街--眠山车场),4
907路(西北部公交枢纽站--北部公交枢纽站),Z66路(农业大学蜂学楼--北市区车场),2
908路(螺蛳湾商贸城东(商博街)--马街),917路(螺蛳湾公交枢纽站--西北部公交枢纽站),1
908路(螺蛳湾商贸城东(商博街)--马街),920路(昆明南站--昆明站(永平路)),1
908路(螺蛳湾商贸城东(商博街)--马街),923路(昆明南站--黄土坡车场),3
908路(螺蛳湾商贸城东(商博街)--马街),A12路(东三环路口(白龙路)--海宝岔口),2
908路(螺蛳湾商贸城东(商博街)--马街),A8路(商汇路--航天城),1
908路(螺蛳湾商贸城东(商博街)--马街),C143路(螺蛳湾公交枢纽站(西行)--西部客运站(昆州路)),1
908路(螺蛳湾商贸城东(商博街)--马街),C62路(团结镇镇政府--马街),1
908路(螺蛳湾商贸城东(商博街)--马街),C85路(昆明站--大渔公园),1
908路(螺蛳湾商贸城东(商博街)--马街),K52路(昆明会展中心(国贸路)--眠山车场),1
90路(假日湾小区(锦西路)--黄土坡),100路(草海公交首末站--小菜园立交桥),2
90路(假日湾小区(锦西路)--黄土坡),101路(眠山车场--小菜园立交桥5),2
90路(假日湾小区(锦西路)--黄土坡),106路(滇池卫城小区--黄土坡),4
90路(假日湾小区(锦西路)--黄土坡),109路(阳光花园小区(阳光中路)--巫家坝车场),4
90路(假日湾小区(锦西路)--黄土坡),148路(东寺街--马街),1
90路(假日湾小区(锦西路)--黄土坡),154路(螺蛳湾公交枢纽站--银苑小区(日新路)),2
90路(假日湾小区(锦西路)--黄土坡),207路(雨花公交枢纽站(彩云南路)--眠山车场),1
90路(假日湾小区(锦西路)--黄土坡),91路(阳光花园小区(日新西路)--北市区车场),1
90路(假日湾小区(锦西路)--黄土坡),93路(时代年华小区(年华街)--篆塘),2
90路(假日湾小区(锦西路)--黄土坡),98路(苏家塘--公交东部修理公司),2
917路(螺蛳湾公交枢纽站--西北部公交枢纽站),930路(昆明南站--西北部公交枢纽站),1
917路(螺蛳湾公交枢纽站--西北部公交枢纽站),C143路(螺蛳湾公交枢纽站(西行)--西部客运站(昆州路)),1
917路(螺蛳湾公交枢纽站--西北部公交枢纽站),C4路乙线(螺蛳湾公交枢纽站--螺蛳湾公交枢纽站(商博街)),1
91路(阳光花园小区(日新西路)--北市区车场),112路(威远街口(护国路)--湖畔之梦小区),3
91路(阳光花园小区(日新西路)--北市区车场),119路(正义路--蓝龙潭车场),13
91路(阳光花园小区(日新西路)--北市区车场),129路(逸雅路口(华晨路)--北市区车场),2
91路(阳光花园小区(日新西路)--北市区车场),92路(正义路步行街--北市区车场),1
91路(阳光花园小区(日新西路)--北市区车场),93路(时代年华小区(年华街)--篆塘),4
91路(阳光花园小区(日新西路)--北市区车场),95路(大观楼车场--白龙路口(白云路)),2
91路(阳光花园小区(日新西路)--北市区车场),96路(永昌小区(华昌路)--北部公交枢纽站),3
91路(阳光花园小区(日新西路)--北市区车场),98路(苏家塘--公交东部修理公司),1
91路(阳光花园小区(日新西路)--北市区车场),C8路(阳光花园小区(日新西路)--眠山车场),1
920路(昆明南站--昆明站(永平路)),921路(前兴路公交枢纽站--昆明南站),2
920路(昆明南站--昆明站(永平路)),923路(昆明南站--黄土坡车场),2
920路(昆明南站--昆明站(永平路)),K12路(107路快线)(经开区车场--东寺街),1
921路(前兴路公交枢纽站--昆明南站),923路(昆明南站--黄土坡车场),2
921路(前兴路公交枢纽站--昆明南站),942路(皇冠假日酒店--黄土坡车场),1
921路(前兴路公交枢纽站--昆明南站),A2路(小菜园立交桥5--前兴路公交枢纽站),1
923路(昆明南站--黄土坡车场),925路(昆明南站--北市区车场),3
923路(昆明南站--黄土坡车场),930路(昆明南站--西北部公交枢纽站),3
923路(昆明南站--黄土坡车场),940路(皇冠假日酒店--巫家坝车场),1
923路(昆明南站--黄土坡车场),A12路(东三环路口(白龙路)--海宝岔口),1
923路(昆明南站--黄土坡车场),C1路(沙朗白族街--眠山车场),1
925路(昆明南站--北市区车场),927路(昆明南站--东部公交枢纽站),3
925路(昆明南站--北市区车场),943路(皇冠假日酒店--北市区车场),2
925路(昆明南站--北市区车场),A1路(云南民族村--世博园),1
927路(昆明南站--东部公交枢纽站),930路(昆明南站--西北部公交枢纽站),2
927路(昆明南站--东部公交枢纽站),B21路(昆明站(永胜路)--东部公交枢纽站),1
927路(昆明南站--东部公交枢纽站),C13路(官南立交桥南口--螺蛳湾公交枢纽站(怡安路)),1
927路(昆明南站--东部公交枢纽站),K32路(斗南花市东--昆明南站),1
92路(正义路步行街--北市区车场),115路(西苑立交桥--蓝龙潭车场),2
92路(正义路步行街--北市区车场),125路(正义路--篆塘),5
92路(正义路步行街--北市区车场),126路(上坝村口--北市区车场),1
92路(正义路步行街--北市区车场),132路(正义路步行街--紫骏苑小区),1
92路(正义路步行街--北市区车场),139路(百汇商场--泰龙阁小区车场),2
92路(正义路步行街--北市区车场),96路(永昌小区(华昌路)--北部公交枢纽站),3
92路(正义路步行街--北市区车场),Z43路(溪畔丽景小区--月牙潭公园),2
930路(昆明南站--西北部公交枢纽站),940路(皇冠假日酒店--巫家坝车场),1
930路(昆明南站--西北部公交枢纽站),942路(皇冠假日酒店--黄土坡车场),1
930路(昆明南站--西北部公交枢纽站),A12路(东三环路口(白龙路)--海宝岔口),1
930路(昆明南站--西北部公交枢纽站),A9路(官渡广场(国贸路)--云南民族村),1
930路(昆明南站--西北部公交枢纽站),K32路(斗南花市东--昆明南站),1
930路(昆明南站--西北部公交枢纽站),K39路(昆明南站--东部公交枢纽站),1
93路(时代年华小区(年华街)--篆塘),106路(滇池卫城小区--黄土坡),7
93路(时代年华小区(年华街)--篆塘),109路(阳光花园小区(阳光中路)--巫家坝车场),1
93路(时代年华小区(年华街)--篆塘),112路(威远街口(护国路)--湖畔之梦小区),2
93路(时代年华小区(年华街)--篆塘),156路(潘家湾(西安马路)--永昌小区(华昌路)),1
93路(时代年华小区(年华街)--篆塘),97路(杨家地(邬小路)--篆塘),3
93路(时代年华小区(年华街)--篆塘),K25路(海埂公园东门--眠山车场),1
940路(皇冠假日酒店--巫家坝车场),941路(皇冠假日酒店--潘家湾(西昌路)),3
940路(皇冠假日酒店--巫家坝车场),942路(皇冠假日酒店--黄土坡车场),1
940路(皇冠假日酒店--巫家坝车场),C13路(官南立交桥南口--螺蛳湾公交枢纽站(怡安路)),1
940路(皇冠假日酒店--巫家坝车场),C4路乙线(螺蛳湾公交枢纽站--螺蛳湾公交枢纽站(商博街)),2
940路(皇冠假日酒店--巫家坝车场),K6路(巫家坝车场--幸福邻里小区),1
941路(皇冠假日酒店--潘家湾(西昌路)),942路(皇冠假日酒店--黄土坡车场),4
941路(皇冠假日酒店--潘家湾(西昌路)),A11路(煤机新村--经景路口(云内动力北)),1
941路(皇冠假日酒店--潘家湾(西昌路)),C63路(龙院村--潘家湾(西昌路)),1
942路(皇冠假日酒店--黄土坡车场),943路(皇冠假日酒店--北市区车场),3
942路(皇冠假日酒店--黄土坡车场),A1路(云南民族村--世博园),1
942路(皇冠假日酒店--黄土坡车场),C86路(大渔公园--洛龙公园(祥和街)),1
942路(皇冠假日酒店--黄土坡车场),K15路(165路快线)(福海乡--螺蛳湾公交枢纽站(怡安路)),1
942路(皇冠假日酒店--黄土坡车场),K28路(呈贡--前兴路公交枢纽站),1
943路(皇冠假日酒店--北市区车场),A11路(煤机新村--经景路口(云内动力北)),1
943路(皇冠假日酒店--北市区车场),B35路(云南省阜外医院(沙河北路)--北市区车场),1
943路(皇冠假日酒店--北市区车场),K31路(古滇博物馆--海埂大坝车场),2
94路(高i--海埂公园),135路(福保文化城--海埂大坝车场),3
95路(大观楼车场--白龙路口(白云路)),100路(草海公交首末站--小菜园立交桥),2
95路(大观楼车场--白龙路口(白云路)),114路(东站(环城南路)--巴士家园),5
95路(大观楼车场--白龙路口(白云路)),119路(正义路--蓝龙潭车场),3
95路(大观楼车场--白龙路口(白云路)),120路(正义路--前兴路公交枢纽站),2
95路(大观楼车场--白龙路口(白云路)),124路(艺术剧院--大观楼车场),1
95路(大观楼车场--白龙路口(白云路)),182路(延安医院(人民东路)--北部公交枢纽站),1
95路(大观楼车场--白龙路口(白云路)),97路(杨家地(邬小路)--篆塘),3
95路(大观楼车场--白龙路口(白云路)),98路(苏家塘--公交东部修理公司),1
95路(大观楼车场--白龙路口(白云路)),A11路(煤机新村--经景路口(云内动力北)),2
96路(永昌小区(华昌路)--北部公交枢纽站),100路(草海公交首末站--小菜园立交桥),2
96路(永昌小区(华昌路)--北部公交枢纽站),105路(菊花村--巴士家园),3
96路(永昌小区(华昌路)--北部公交枢纽站),106路(滇池卫城小区--黄土坡),3
96路(永昌小区(华昌路)--北部公交枢纽站),110路(官渡广场(国贸路)--篆塘),1
96路(永昌小区(华昌路)--北部公交枢纽站),114路(东站(环城南路)--巴士家园),1
96路(永昌小区(华昌路)--北部公交枢纽站),119路(正义路--蓝龙潭车场),3
96路(永昌小区(华昌路)--北部公交枢纽站),120路(正义路--前兴路公交枢纽站),1
96路(永昌小区(华昌路)--北部公交枢纽站),126路(上坝村口--北市区车场),5
96路(永昌小区(华昌路)--北部公交枢纽站),129路(逸雅路口(华晨路)--北市区车场),1
96路(永昌小区(华昌路)--北部公交枢纽站),146路(眠山车场--金殿(穿金路口)),5
96路(永昌小区(华昌路)--北部公交枢纽站),150路(溪麓南郡小区--北市区车场),2
96路(永昌小区(华昌路)--北部公交枢纽站),152路(市总工会--湖畔之梦小区),1
96路(永昌小区(华昌路)--北部公交枢纽站),156路(潘家湾(西安马路)--永昌小区(华昌路)),1
96路(永昌小区(华昌路)--北部公交枢纽站),159路(霖雨桥(北京路)--昆明玉器城),1
96路(永昌小区(华昌路)--北部公交枢纽站),168路(黄土坡--北部公交枢纽站),1
96路(永昌小区(华昌路)--北部公交枢纽站),205路(雨花公交枢纽站(彩云南路)--黄土坡车场),1
96路(永昌小区(华昌路)--北部公交枢纽站),97路(杨家地(邬小路)--篆塘),1
96路(永昌小区(华昌路)--北部公交枢纽站),98路(苏家塘--公交东部修理公司),2
97路(杨家地(邬小路)--篆塘),106路(滇池卫城小区--黄土坡),1
97路(杨家地(邬小路)--篆塘),109路(阳光花园小区(阳光中路)--巫家坝车场),2
97路(杨家地(邬小路)--篆塘),110路(官渡广场(国贸路)--篆塘),1
97路(杨家地(邬小路)--篆塘),124路(艺术剧院--大观楼车场),2
97路(杨家地(邬小路)--篆塘),143路(潘家湾(西安马路)--新河村口),5
97路(杨家地(邬小路)--篆塘),156路(潘家湾(西安马路)--永昌小区(华昌路)),1
97路(杨家地(邬小路)--篆塘),166路(前兴路公交枢纽站--春苑小区),4
97路(杨家地(邬小路)--篆塘),184路(大观楼(大观路)--巫家坝车场(雨龙路)),2
98路(苏家塘--公交东部修理公司),101路(眠山车场--小菜园立交桥5),1
98路(苏家塘--公交东部修理公司),103路(螺蛳湾公交枢纽站--岔街),1
98路(苏家塘--公交东部修理公司),105路(菊花村--巴士家园),1
98路(苏家塘--公交东部修理公司),109路(阳光花园小区(阳光中路)--巫家坝车场),2
98路(苏家塘--公交东部修理公司),112路(威远街口(护国路)--湖畔之梦小区),1
98路(苏家塘--公交东部修理公司),115路(西苑立交桥--蓝龙潭车场),3
98路(苏家塘--公交东部修理公司),116路(南屏街西口--眠山车场),3
98路(苏家塘--公交东部修理公司),117路(凉亭(金马路)--昆明站(永平路)),2
98路(苏家塘--公交东部修理公司),120路(正义路--前兴路公交枢纽站),1
98路(苏家塘--公交东部修理公司),206路(昆三中(春融东路)--眠山车场),2
9路(火车北站(环城北路)--北部公交枢纽站),10路(南屏街西口--金殿车场),2
9路(火车北站(环城北路)--北部公交枢纽站),22路(大观楼(大观路)--东部公交枢纽站),1
9路(火车北站(环城北路)--北部公交枢纽站),23路(昆明站(北京路)--北部公交枢纽站),2
9路(火车北站(环城北路)--北部公交枢纽站),29路(东部公交枢纽站--黄土坡),1
9路(火车北站(环城北路)--北部公交枢纽站),72路(公交东部修理公司--岗头村),1
9路(火车北站(环城北路)--北部公交枢纽站),74路(北市区车场--菊花村),6
9路(火车北站(环城北路)--北部公交枢纽站),76路(蓝龙潭车场--金殿(穿金路口)),4
9路(火车北站(环城北路)--北部公交枢纽站),79路(环城北路--北部公交枢纽站),11
9路(火车北站(环城北路)--北部公交枢纽站),84路(南屏街西口--北市区车场),2
A11路(煤机新村--经景路口(云内动力北)),A13路(曙光路口(东风东路)--航天城),2
A11路(煤机新村--经景路口(云内动力北)),B21路(昆明站(永胜路)--东部公交枢纽站),2
A11路(煤机新村--经景路口(云内动力北)),C12路(彩云北路口(贵昆路)--螺蛳湾商贸城东),1
A11路(煤机新村--经景路口(云内动力北)),C66路(昆明站--海子新村),2
A11路(煤机新村--经景路口(云内动力北)),Z19路(宝泽路--羊甫头地铁站),1
A12路(东三环路口(白龙路)--海宝岔口),C13路(官南立交桥南口--螺蛳湾公交枢纽站(怡安路)),4
A12路(东三环路口(白龙路)--海宝岔口),C142路(螺蛳湾商贸城一期--昌源北路口(科新路)),1
A12路(东三环路口(白龙路)--海宝岔口),C85路(昆明站--大渔公园),4
A13路(曙光路口(东风东路)--航天城),C12路(彩云北路口(贵昆路)--螺蛳湾商贸城东),2
A13路(曙光路口(东风东路)--航天城),C137路(东部公交枢纽站--螺蛳湾公交枢纽站(商博街)),2
A13路(曙光路口(东风东路)--航天城),C66路(昆明站--海子新村),3
A13路(曙光路口(东风东路)--航天城),K6路(巫家坝车场--幸福邻里小区),3
A1路(云南民族村--世博园),A11路(煤机新村--经景路口(云内动力北)),2
A1路(云南民族村--世博园),A4路(云南体育学院--云南民族村),2
A1路(云南民族村--世博园),C101路(北部公交枢纽站--呈贡广场),1
A1路(云南民族村--世博园),C143路(螺蛳湾公交枢纽站(西行)--西部客运站(昆州路)),3
A1路(云南民族村--世博园),K15路(165路快线)(福海乡--螺蛳湾公交枢纽站(怡安路)),2
A1路(云南民族村--世博园),K25路(海埂公园东门--眠山车场),6
A2路(小菜园立交桥5--前兴路公交枢纽站),A8路(商汇路--航天城),1
A2路(小菜园立交桥5--前兴路公交枢纽站),A9路(官渡广场(国贸路)--云南民族村),4
A2路(小菜园立交桥5--前兴路公交枢纽站),B21路(昆明站(永胜路)--东部公交枢纽站),1
A2路(小菜园立交桥5--前兴路公交枢纽站),C66路(昆明站--海子新村),1
A2路(小菜园立交桥5--前兴路公交枢纽站),K22路(半岛车场--前兴路公交枢纽站),1
A2路(小菜园立交桥5--前兴路公交枢纽站),K7路(阳光花园小区(阳光中路)--巫家坝车场(雨龙路)),1
A4路(云南体育学院--云南民族村),A9路(官渡广场(国贸路)--云南民族村),1
A4路(云南体育学院--云南民族村),K25路(海埂公园东门--眠山车场),1
A6路(螺蛳湾公交枢纽站(商博街)--航天城),A7路(航天城--七甸乡政府),1
A6路(螺蛳湾公交枢纽站(商博街)--航天城),A8路(商汇路--航天城),2
A6路(螺蛳湾公交枢纽站(商博街)--航天城),C12路(彩云北路口(贵昆路)--螺蛳湾商贸城东),10
A6路(螺蛳湾公交枢纽站(商博街)--航天城),C142路(螺蛳湾商贸城一期--昌源北路口(科新路)),1
A6路(螺蛳湾公交枢纽站(商博街)--航天城),C4路乙线(螺蛳湾公交枢纽站--螺蛳湾公交枢纽站(商博街)),1
A7路(航天城--七甸乡政府),A8路(商汇路--航天城),1
A8路(商汇路--航天城),A11路(煤机新村--经景路口(云内动力北)),2
A8路(商汇路--航天城),A12路(东三环路口(白龙路)--海宝岔口),4
A8路(商汇路--航天城),A13路(曙光路口(东风东路)--航天城),5
A8路(商汇路--航天城),A9路(官渡广场(国贸路)--云南民族村),1
A8路(商汇路--航天城),C12路(彩云北路口(贵昆路)--螺蛳湾商贸城东),1
A8路(商汇路--航天城),C142路(螺蛳湾商贸城一期--昌源北路口(科新路)),1
A8路(商汇路--航天城),C85路(昆明站--大渔公园),1
A9路(官渡广场(国贸路)--云南民族村),C13路(官南立交桥南口--螺蛳湾公交枢纽站(怡安路)),2
A9路(官渡广场(国贸路)--云南民族村),C143路(螺蛳湾公交枢纽站(西行)--西部客运站(昆州路)),4
A9路(官渡广场(国贸路)--云南民族村),C66路(昆明站--海子新村),1
A9路(官渡广场(国贸路)--云南民族村),K22路(半岛车场--前兴路公交枢纽站),1
A9路(官渡广场(国贸路)--云南民族村),K7路(阳光花园小区(阳光中路)--巫家坝车场(雨龙路)),1
B21路(昆明站(永胜路)--东部公交枢纽站),C136路(云桥村--北部公交枢纽站),4
B21路(昆明站(永胜路)--东部公交枢纽站),C137路(东部公交枢纽站--螺蛳湾公交枢纽站(商博街)),1
B21路(昆明站(永胜路)--东部公交枢纽站),C66路(昆明站--海子新村),1
B21路(昆明站(永胜路)--东部公交枢纽站),K17路(193路快线)(东站(环城南路)--东部公交枢纽站),1
B21路(昆明站(永胜路)--东部公交枢纽站),K1路(南屏街东口--经开区车场),1
B21路(昆明站(永胜路)--东部公交枢纽站),K6路(巫家坝车场--幸福邻里小区),1
B21路(昆明站(永胜路)--东部公交枢纽站),K9路(77路快线)(正义路步行街--东部公交枢纽站),5
B21路(昆明站(永胜路)--东部公交枢纽站),Z16路(6号路--王大桥),1
B35路(云南省阜外医院(沙河北路)--北市区车场),C61路(团结乡--西站),1
B35路(云南省阜外医院(沙河北路)--北市区车场),D8路(新螺蛳湾公交枢纽站(商博街)--北市区车场),1
B35路(云南省阜外医院(沙河北路)--北市区车场),K2路(东寺街--云南省阜外医院(沙河北路)),2
C101路(北部公交枢纽站--呈贡广场),C136路(云桥村--北部公交枢纽站),2
C101路(北部公交枢纽站--呈贡广场),D8路(新螺蛳湾公交枢纽站(商博街)--北市区车场),1
C101路(北部公交枢纽站--呈贡广场),K32路(斗南花市东--昆明南站),1
C101路(北部公交枢纽站--呈贡广场),K39路(昆明南站--东部公交枢纽站),3
C10路(龙庆贰村--眠山车场),C11路(长坡二村--眠山车场),1
C10路(龙庆贰村--眠山车场),C142路(螺蛳湾商贸城一期--昌源北路口(科新路)),2
C10路(龙庆贰村--眠山车场),C16路(厂口乡政府--眠山车场),6
C10路(龙庆贰村--眠山车场),C20路(瓦恭居委会--黄土坡),1
C10路(龙庆贰村--眠山车场),C21路(陡普鲁居委会--黄土坡),1
C10路(龙庆贰村--眠山车场),C61路(团结乡--西站),1
C10路(龙庆贰村--眠山车场),C68路(新型建筑材料厂--潘家湾(西昌路)),1
C10路(龙庆贰村--眠山车场),K13路(海源寺车场--南屏街西口),1
C11路(长坡二村--眠山车场),C16路(厂口乡政府--眠山车场),1
C11路(长坡二村--眠山车场),C26路(海口镇--梁家河车场),1
C11路(长坡二村--眠山车场),Z113路(马街(春雨路)--马街中村),1
C11路(长坡二村--眠山车场),Z87路(马街--西山区政府(秀苑路)),1
C12路(彩云北路口(贵昆路)--螺蛳湾商贸城东),C131路(东胤城乡公交羊桃箐车场--新螺蛳湾公交枢纽站(商博街)),6
C12路(彩云北路口(贵昆路)--螺蛳湾商贸城东),C137路(东部公交枢纽站--螺蛳湾公交枢纽站(商博街)),2
C12路(彩云北路口(贵昆路)--螺蛳湾商贸城东),C13路(官南立交桥南口--螺蛳湾公交枢纽站(怡安路)),6
C12路(彩云北路口(贵昆路)--螺蛳湾商贸城东),C66路(昆明站--海子新村),2
C12路(彩云北路口(贵昆路)--螺蛳湾商贸城东),C67路(大板桥镇--关上车场(黑土凹)),1
C131路(东胤城乡公交羊桃箐车场--新螺蛳湾公交枢纽站(商博街)),C131路(东胤城乡公交羊桃箐车场--新螺蛳湾公交枢纽站(商博街)),1
C131路(东胤城乡公交羊桃箐车场--新螺蛳湾公交枢纽站(商博街)),C136路(云桥村--北部公交枢纽站),6
C131路(东胤城乡公交羊桃箐车场--新螺蛳湾公交枢纽站(商博街)),C137路(东部公交枢纽站--螺蛳湾公交枢纽站(商博街)),7
C131路(东胤城乡公交羊桃箐车场--新螺蛳湾公交枢纽站(商博街)),K46路(大板桥公交车场--云桥村),4
C136路(云桥村--北部公交枢纽站),C137路(东部公交枢纽站--螺蛳湾公交枢纽站(商博街)),5
C136路(云桥村--北部公交枢纽站),D8路(新螺蛳湾公交枢纽站(商博街)--北市区车场),1
C136路(云桥村--北部公交枢纽站),K18路(194路快线)(东部公交枢纽站--北市区车场),2
C136路(云桥村--北部公交枢纽站),K46路(大板桥公交车场--云桥村),4
C137路(东部公交枢纽站--螺蛳湾公交枢纽站(商博街)),C142路(螺蛳湾商贸城一期--昌源北路口(科新路)),1
C137路(东部公交枢纽站--螺蛳湾公交枢纽站(商博街)),D22路(东部公交枢纽站--新螺蛳湾公交枢纽站),2
C137路(东部公交枢纽站--螺蛳湾公交枢纽站(商博街)),K15路(165路快线)(福海乡--螺蛳湾公交枢纽站(怡安路)),1
C137路(东部公交枢纽站--螺蛳湾公交枢纽站(商博街)),K18路(194路快线)(东部公交枢纽站--北市区车场),1
C137路(东部公交枢纽站--螺蛳湾公交枢纽站(商博街)),K1路(南屏街东口--经开区车场),1
C137路(东部公交枢纽站--螺蛳湾公交枢纽站(商博街)),K43路(昆明南站--北部公交枢纽站),1
C137路(东部公交枢纽站--螺蛳湾公交枢纽站(商博街)),K58路(广福立交北--果林水库南),1
C137路(东部公交枢纽站--螺蛳湾公交枢纽站(商博街)),K6路(巫家坝车场--幸福邻里小区),1
C137路(东部公交枢纽站--螺蛳湾公交枢纽站(商博街)),K9路(77路快线)(正义路步行街--东部公交枢纽站),4
C137路(东部公交枢纽站--螺蛳湾公交枢纽站(商博街)),Z16路(6号路--王大桥),1
C137路(东部公交枢纽站--螺蛳湾公交枢纽站(商博街)),Z34路(子君村(彩云北路)--子君村(彩云北路)),1
C13路(官南立交桥南口--螺蛳湾公交枢纽站(怡安路)),C101路(北部公交枢纽站--呈贡广场),2
C13路(官南立交桥南口--螺蛳湾公交枢纽站(怡安路)),C131路(东胤城乡公交羊桃箐车场--新螺蛳湾公交枢纽站(商博街)),3
C13路(官南立交桥南口--螺蛳湾公交枢纽站(怡安路)),C137路(东部公交枢纽站--螺蛳湾公交枢纽站(商博街)),1
C13路(官南立交桥南口--螺蛳湾公交枢纽站(怡安路)),C14路(大冲村(拓翔路)--螺蛳湾公交枢纽站(怡安路)),3
C13路(官南立交桥南口--螺蛳湾公交枢纽站(怡安路)),C66路(昆明站--海子新村),3
C13路(官南立交桥南口--螺蛳湾公交枢纽站(怡安路)),K12路(107路快线)(经开区车场--东寺街),4
C142路(螺蛳湾商贸城一期--昌源北路口(科新路)),C143路(螺蛳湾公交枢纽站(西行)--西部客运站(昆州路)),7
C142路(螺蛳湾商贸城一期--昌源北路口(科新路)),D23路(郊野公园--黄土坡),1
C142路(螺蛳湾商贸城一期--昌源北路口(科新路)),K22路(半岛车场--前兴路公交枢纽站),1
C142路(螺蛳湾商贸城一期--昌源北路口(科新路)),K25路(海埂公园东门--眠山车场),1
C142路(螺蛳湾商贸城一期--昌源北路口(科新路)),K7路(阳光花园小区(阳光中路)--巫家坝车场(雨龙路)),2
C142路(螺蛳湾商贸城一期--昌源北路口(科新路)),Z41路(大漾田公交首末站--黄土坡),3
C143路(螺蛳湾公交枢纽站(西行)--西部客运站(昆州路)),D22路(东部公交枢纽站--新螺蛳湾公交枢纽站),1
C143路(螺蛳湾公交枢纽站(西行)--西部客运站(昆州路)),K15路(165路快线)(福海乡--螺蛳湾公交枢纽站(怡安路)),9
C143路(螺蛳湾公交枢纽站(西行)--西部客运站(昆州路)),K25路(海埂公园东门--眠山车场),3
C143路(螺蛳湾公交枢纽站(西行)--西部客运站(昆州路)),K41路(昆明南站--西部客运站(昆州路)),2
C14路(大冲村(拓翔路)--螺蛳湾公交枢纽站(怡安路)),C131路(东胤城乡公交羊桃箐车场--新螺蛳湾公交枢纽站(商博街)),2
C14路(大冲村(拓翔路)--螺蛳湾公交枢纽站(怡安路)),C24路(大罗家营村--螺蛳湾公交枢纽站(怡安路)),1
C14路(大冲村(拓翔路)--螺蛳湾公交枢纽站(怡安路)),K48路(海子村水库--信息产业基地车场),5
C14路(大冲村(拓翔路)--螺蛳湾公交枢纽站(怡安路)),Z9路(螺蛳湾公交枢纽站--云景路中段),1
C16路(厂口乡政府--眠山车场),C16路(厂口乡政府--眠山车场),1
C16路(厂口乡政府--眠山车场),C18路(昆阳(城北公交枢纽)--海口(农村信用社)),1
C16路(厂口乡政府--眠山车场),C20路(瓦恭居委会--黄土坡),8
C16路(厂口乡政府--眠山车场),C26路(海口镇--梁家河车场),1
C16路(厂口乡政府--眠山车场),C68路(新型建筑材料厂--潘家湾(西昌路)),1
C18路(昆阳(城北公交枢纽)--海口(农村信用社)),C61路(团结乡--西站),1
C18路(昆阳(城北公交枢纽)--海口(农村信用社)),K31路(古滇博物馆--海埂大坝车场),1
C1路(沙朗白族街--眠山车场),C3路(眠山车场--桃园小村),20
C20路(瓦恭居委会--黄土坡),C21路(陡普鲁居委会--黄土坡),8
C21路(陡普鲁居委会--黄土坡),C61路(团结乡--西站),1
C21路(陡普鲁居委会--黄土坡),C68路(新型建筑材料厂--潘家湾(西昌路)),5
C21路(陡普鲁居委会--黄土坡),K2路(东寺街--云南省阜外医院(沙河北路)),2
C24路(大罗家营村--螺蛳湾公交枢纽站(怡安路)),K15路(165路快线)(福海乡--螺蛳湾公交枢纽站(怡安路)),1
C26路(海口镇--梁家河车场),C62路(团结镇镇政府--马街),1
C26路(海口镇--梁家河车场),C65路(西站--昆明电缆厂生活区),1
C26路(海口镇--梁家河车场),C70路(秋苑小区(昆州路)--赤松坪),1
C26路(海口镇--梁家河车场),K10路(鲜花大道路口--眠山车场),2
C26路(海口镇--梁家河车场),Z101路(西苑立交桥--西三环路口(碧鸡路)),1
C3路(眠山车场--桃园小村),C10路(龙庆贰村--眠山车场),12
C3路(眠山车场--桃园小村),C142路(螺蛳湾商贸城一期--昌源北路口(科新路)),1
C3路(眠山车场--桃园小村),C16路(厂口乡政府--眠山车场),2
C3路(眠山车场--桃园小村),C8路(阳光花园小区(日新西路)--眠山车场),1
C3路(眠山车场--桃园小村),Z31路(黑林铺前街口--眠山车场),1
C4路乙线(螺蛳湾公交枢纽站--螺蛳湾公交枢纽站(商博街)),C4路乙线(螺蛳湾公交枢纽站--螺蛳湾公交枢纽站(商博街)),2
C4路乙线(螺蛳湾公交枢纽站--螺蛳湾公交枢纽站(商博街)),C5路(螺蛳湾公交枢纽站--塔山路口(生物谷街)),5
C4路乙线(螺蛳湾公交枢纽站--螺蛳湾公交枢纽站(商博街)),C6路乙线(呈贡广场--螺蛳湾公交枢纽站(商博街)),2
C4路乙线(螺蛳湾公交枢纽站--螺蛳湾公交枢纽站(商博街)),C7路(滇池星城小区(海湖路)--螺蛳湾公交枢纽站(商博街)),2
C4路乙线(螺蛳湾公交枢纽站--螺蛳湾公交枢纽站(商博街)),C85路(昆明站--大渔公园),1
C4路乙线(螺蛳湾公交枢纽站--螺蛳湾公交枢纽站(商博街)),C86路(大渔公园--洛龙公园(祥和街)),2
C4路乙线(螺蛳湾公交枢纽站--螺蛳湾公交枢纽站(商博街)),K20路(信息产业基地车场--春融街地铁站C口),1
C5路(螺蛳湾公交枢纽站--塔山路口(生物谷街)),C6路乙线(呈贡广场--螺蛳湾公交枢纽站(商博街)),3
C5路(螺蛳湾公交枢纽站--塔山路口(生物谷街)),C7路(滇池星城小区(海湖路)--螺蛳湾公交枢纽站(商博街)),5
C5路(螺蛳湾公交枢纽站--塔山路口(生物谷街)),K11路(大渔公园--化古城村(尚德街)),4
C5路(螺蛳湾公交枢纽站--塔山路口(生物谷街)),K37路(昆明南站--高新区管委会(马金铺)),3
C5路(螺蛳湾公交枢纽站--塔山路口(生物谷街)),K40路(昆明南站--螺蛳湾公交枢纽站),1
C61路(团结乡--西站),C62路(团结镇镇政府--马街),3
C61路(团结乡--西站),C63路(龙院村--潘家湾(西昌路)),4
C61路(团结乡--西站),C65路(西站--昆明电缆厂生活区),1
C61路(团结乡--西站),Z31路(黑林铺前街口--眠山车场),1
C62路(团结镇镇政府--马街),C65路(西站--昆明电缆厂生活区),1
C62路(团结镇镇政府--马街),Z31路(黑林铺前街口--眠山车场),1
C63路(龙院村--潘家湾(西昌路)),C142路(螺蛳湾商贸城一期--昌源北路口(科新路)),1
C63路(龙院村--潘家湾(西昌路)),C65路(西站--昆明电缆厂生活区),1
C63路(龙院村--潘家湾(西昌路)),C68路(新型建筑材料厂--潘家湾(西昌路)),6
C65路(西站--昆明电缆厂生活区),C66路(昆明站--海子新村),1
C65路(西站--昆明电缆厂生活区),C68路(新型建筑材料厂--潘家湾(西昌路)),1
C65路(西站--昆明电缆厂生活区),C70路(秋苑小区(昆州路)--赤松坪),3
C65路(西站--昆明电缆厂生活区),Z130路(西昌路口(新闻路)--春苑小区),1
C66路(昆明站--海子新村),C131路(东胤城乡公交羊桃箐车场--新螺蛳湾公交枢纽站(商博街)),2
C66路(昆明站--海子新村),C67路(大板桥镇--关上车场(黑土凹)),4
C66路(昆明站--海子新村),K12路(107路快线)(经开区车场--东寺街),1
C66路(昆明站--海子新村),K8路(官渡广场(国贸路)--篆塘),2
C67路(大板桥镇--关上车场(黑土凹)),C131路(东胤城乡公交羊桃箐车场--新螺蛳湾公交枢纽站(商博街)),6
C67路(大板桥镇--关上车场(黑土凹)),C137路(东部公交枢纽站--螺蛳湾公交枢纽站(商博街)),1
C68路(新型建筑材料厂--潘家湾(西昌路)),C142路(螺蛳湾商贸城一期--昌源北路口(科新路)),1
C68路(新型建筑材料厂--潘家湾(西昌路)),D23路(郊野公园--黄土坡),1
C68路(新型建筑材料厂--潘家湾(西昌路)),K13路(海源寺车场--南屏街西口),1
C68路(新型建筑材料厂--潘家湾(西昌路)),K2路(东寺街--云南省阜外医院(沙河北路)),1
C68路(新型建筑材料厂--潘家湾(西昌路)),Z81路(大漾田公交首末站--云南冶炼厂),1
C6路乙线(呈贡广场--螺蛳湾公交枢纽站(商博街)),C7路(滇池星城小区(海湖路)--螺蛳湾公交枢纽站(商博街)),6
C70路(秋苑小区(昆州路)--赤松坪),K10路(鲜花大道路口--眠山车场),2
C70路(秋苑小区(昆州路)--赤松坪),Z87路(马街--西山区政府(秀苑路)),2
C7路(滇池星城小区(海湖路)--螺蛳湾公交枢纽站(商博街)),C101路(北部公交枢纽站--呈贡广场),1
C7路(滇池星城小区(海湖路)--螺蛳湾公交枢纽站(商博街)),C85路(昆明站--大渔公园),2
C7路(滇池星城小区(海湖路)--螺蛳湾公交枢纽站(商博街)),K28路(呈贡--前兴路公交枢纽站),3
C7路(滇池星城小区(海湖路)--螺蛳湾公交枢纽站(商博街)),K32路(斗南花市东--昆明南站),2
C7路(滇池星城小区(海湖路)--螺蛳湾公交枢纽站(商博街)),K38路(皇冠假日酒店--昆明南站),3
C7路(滇池星城小区(海湖路)--螺蛳湾公交枢纽站(商博街)),K40路(昆明南站--螺蛳湾公交枢纽站),1
C7路(滇池星城小区(海湖路)--螺蛳湾公交枢纽站(商博街)),K54路(斗南花市东--巫家坝车场),1
C85路(昆明站--大渔公园),C101路(北部公交枢纽站--呈贡广场),2
C85路(昆明站--大渔公园),C142路(螺蛳湾商贸城一期--昌源北路口(科新路)),3
C85路(昆明站--大渔公园),C143路(螺蛳湾公交枢纽站(西行)--西部客运站(昆州路)),2
C85路(昆明站--大渔公园),C86路(大渔公园--洛龙公园(祥和街)),3
C85路(昆明站--大渔公园),D25路(朝云街口(谊康北路)--雨花公交枢纽站),1
C85路(昆明站--大渔公园),K19路(春融街地铁站C口--博欣路西口),1
C85路(昆明站--大渔公园),K33路(呈贡广场--昆明南站),1
C85路(昆明站--大渔公园),K40路(昆明南站--螺蛳湾公交枢纽站),1
C85路(昆明站--大渔公园),K51路(西岳庙(海埂路)--半岛车场),1
C86路(大渔公园--洛龙公园(祥和街)),D25路(朝云街口(谊康北路)--雨花公交枢纽站),3
C86路(大渔公园--洛龙公园(祥和街)),K11路(大渔公园--化古城村(尚德街)),2
C86路(大渔公园--洛龙公园(祥和街)),K19路(春融街地铁站C口--博欣路西口),1
C86路(大渔公园--洛龙公园(祥和街)),K31路(古滇博物馆--海埂大坝车场),2
C86路(大渔公园--洛龙公园(祥和街)),K35路(大渔公园--昆明南站),2
C86路(大渔公园--洛龙公园(祥和街)),K36路甲线(昆明南站--昆明南站),1
C8路(阳光花园小区(日新西路)--眠山车场),C10路(龙庆贰村--眠山车场),1
C8路(阳光花园小区(日新西路)--眠山车场),C70路(秋苑小区(昆州路)--赤松坪),3
C8路(阳光花园小区(日新西路)--眠山车场),K10路(鲜花大道路口--眠山车场),3
C8路(阳光花园小区(日新西路)--眠山车场),K25路(海埂公园东门--眠山车场),2
D22路(东部公交枢纽站--新螺蛳湾公交枢纽站),K39路(昆明南站--东部公交枢纽站),2
D22路(东部公交枢纽站--新螺蛳湾公交枢纽站),K9路(77路快线)(正义路步行街--东部公交枢纽站),1
D23路(郊野公园--黄土坡),K13路(海源寺车场--南屏街西口),1
D25路(朝云街口(谊康北路)--雨花公交枢纽站),D26路(新册公交枢纽站--雨花路(艺术学院)),3
D25路(朝云街口(谊康北路)--雨花公交枢纽站),K19路(春融街地铁站C口--博欣路西口),4
D25路(朝云街口(谊康北路)--雨花公交枢纽站),K33路(呈贡广场--昆明南站),1
D25路(朝云街口(谊康北路)--雨花公交枢纽站),K36路甲线(昆明南站--昆明南站),1
D25路(朝云街口(谊康北路)--雨花公交枢纽站),K53路(逸园--新册公交枢纽站),1
D25路(朝云街口(谊康北路)--雨花公交枢纽站),Z8路(昆明南站西广场--雨花公交枢纽站),1
D26路(新册公交枢纽站--雨花路(艺术学院)),K19路(春融街地铁站C口--博欣路西口),2
D26路(新册公交枢纽站--雨花路(艺术学院)),K32路(斗南花市东--昆明南站),1
D26路(新册公交枢纽站--雨花路(艺术学院)),K36路甲线(昆明南站--昆明南站),2
D26路(新册公交枢纽站--雨花路(艺术学院)),K53路(逸园--新册公交枢纽站),3
D26路(新册公交枢纽站--雨花路(艺术学院)),Z92路(洛龙村(祥和街)--白龙潭B园1号门),1
D31路(教场北路西段--普吉路口),K5路(篆塘(大观路)--泉林雅居小区),1
D8路(新螺蛳湾公交枢纽站(商博街)--北市区车场),D22路(东部公交枢纽站--新螺蛳湾公交枢纽站),1
D8路(新螺蛳湾公交枢纽站(商博街)--北市区车场),K18路(194路快线)(东部公交枢纽站--北市区车场),2
K10路(鲜花大道路口--眠山车场),K25路(海埂公园东门--眠山车场),2
K10路(鲜花大道路口--眠山车场),K52路(昆明会展中心(国贸路)--眠山车场),1
K11路(大渔公园--化古城村(尚德街)),K37路(昆明南站--高新区管委会(马金铺)),4
K11路(大渔公园--化古城村(尚德街)),K44路(左所村--化城北口),1
K13路(海源寺车场--南屏街西口),Z138路(小西门(人民西路)--篆塘),1
K13路(海源寺车场--南屏街西口),Z41路(大漾田公交首末站--黄土坡),1
K13路(海源寺车场--南屏街西口),Z7路(自卫村--丽阳星城小区(海源北路)),1
K13路(海源寺车场--南屏街西口),Z82路(云南省阜外医院(沙河北路)--海源寺车场),1
K15路(165路快线)(福海乡--螺蛳湾公交枢纽站(怡安路)),K22路(半岛车场--前兴路公交枢纽站),3
K15路(165路快线)(福海乡--螺蛳湾公交枢纽站(怡安路)),K25路(海埂公园东门--眠山车场),1
K15路(165路快线)(福海乡--螺蛳湾公交枢纽站(怡安路)),K42路(昆明南站--西北部公交枢纽站),2
K15路(165路快线)(福海乡--螺蛳湾公交枢纽站(怡安路)),Z48路(小古城--螺蛳湾公交枢纽站(怡安路)),1
K16路(红枫路口(林溪路)--康惠馨苑),K34路(昆明南站--经开区管委会(春漫大道)),1
K16路(红枫路口(林溪路)--康惠馨苑),K48路(海子村水库--信息产业基地车场),1
K17路(193路快线)(东站(环城南路)--东部公交枢纽站),K18路(194路快线)(东部公交枢纽站--北市区车场),1
K17路(193路快线)(东站(环城南路)--东部公交枢纽站),Z112路(东站(环城东路)--金马立交桥南口),2
K17路(193路快线)(东站(环城南路)--东部公交枢纽站),Z118路(大树营--403厂小区),1
K18路(194路快线)(东部公交枢纽站--北市区车场),K31路(古滇博物馆--海埂大坝车场),1
K18路(194路快线)(东部公交枢纽站--北市区车场),K39路(昆明南站--东部公交枢纽站),1
K18路(194路快线)(东部公交枢纽站--北市区车场),K43路(昆明南站--北部公交枢纽站),1
K18路(194路快线)(东部公交枢纽站--北市区车场),Z132路(霖雨桥东--丰江路口(司家营街)),1
K18路(194路快线)(东部公交枢纽站--北市区车场),Z1路(江州路口(源起街)--北市区车场),1
K18路(194路快线)(东部公交枢纽站--北市区车场),Z38路(白沙润园小区北--北京路口(北辰大道)),2
K19路(春融街地铁站C口--博欣路西口),K20路(信息产业基地车场--春融街地铁站C口),1
K19路(春融街地铁站C口--博欣路西口),K35路(大渔公园--昆明南站),3
K19路(春融街地铁站C口--博欣路西口),K36路甲线(昆明南站--昆明南站),2
K19路(春融街地铁站C口--博欣路西口),K53路(逸园--新册公交枢纽站),2
K20路(信息产业基地车场--春融街地铁站C口),K33路(呈贡广场--昆明南站),2
K20路(信息产业基地车场--春融街地铁站C口),K53路(逸园--新册公交枢纽站),1
K22路(半岛车场--前兴路公交枢纽站),K23路(东三环路口(昌宏路)--半岛车场),2
K22路(半岛车场--前兴路公交枢纽站),K28路(呈贡--前兴路公交枢纽站),3
K22路(半岛车场--前兴路公交枢纽站),K42路(昆明南站--西北部公交枢纽站),1
K23路(东三环路口(昌宏路)--半岛车场),K28路(呈贡--前兴路公交枢纽站),1
K23路(东三环路口(昌宏路)--半岛车场),K51路(西岳庙(海埂路)--半岛车场),1
K25路(海埂公园东门--眠山车场),K31路(古滇博物馆--海埂大坝车场),1
K25路(海埂公园东门--眠山车场),K41路(昆明南站--西部客运站(昆州路)),1
K25路(海埂公园东门--眠山车场),K50路(西岳庙(海埂路)--海埂大坝车场),1
K25路(海埂公园东门--眠山车场),K52路(昆明会展中心(国贸路)--眠山车场),1
K25路(海埂公园东门--眠山车场),Z130路(西昌路口(新闻路)--春苑小区),3
K25路(海埂公园东门--眠山车场),Z13路(金牛小区南门--大观楼车场),3
K25路(海埂公园东门--眠山车场),Z3路(滇池路口(红塔东路)--前兴路公交枢纽站),1
K28路(呈贡--前兴路公交枢纽站),K31路(古滇博物馆--海埂大坝车场),3
K28路(呈贡--前兴路公交枢纽站),K32路(斗南花市东--昆明南站),3
K28路(呈贡--前兴路公交枢纽站),Z3路(滇池路口(红塔东路)--前兴路公交枢纽站),3
K28路(呈贡--前兴路公交枢纽站),Z67路(逸雅路口(华晨路)--世纪城车场),1
K2路(东寺街--云南省阜外医院(沙河北路)),K8路(官渡广场(国贸路)--篆塘),1
K2路(东寺街--云南省阜外医院(沙河北路)),Z39路(水节箐新村下段--西北部公交枢纽站(小屯路)),1
K31路(古滇博物馆--海埂大坝车场),K38路(皇冠假日酒店--昆明南站),1
K31路(古滇博物馆--海埂大坝车场),K41路(昆明南站--西部客运站(昆州路)),1
K32路(斗南花市东--昆明南站),K33路(呈贡广场--昆明南站),4
K32路(斗南花市东--昆明南站),K34路(昆明南站--经开区管委会(春漫大道)),1
K32路(斗南花市东--昆明南站),K38路(皇冠假日酒店--昆明南站),3
K32路(斗南花市东--昆明南站),Z24路(梅子村北--下可乐村),2
K32路(斗南花市东--昆明南站),Z25路(石碑村(兴呈路)--大洛羊社区),1
K33路(呈贡广场--昆明南站),K34路(昆明南站--经开区管委会(春漫大道)),1
K33路(呈贡广场--昆明南站),K57路(市委(朝云街)--果林水库南),1
K33路(呈贡广场--昆明南站),Z24路(梅子村北--下可乐村),3
K33路(呈贡广场--昆明南站),Z27路(春融街地铁站C口--白龙潭B园3号门),1
K33路(呈贡广场--昆明南站),Z29路(呈贡龙街--春融街地铁站C口),1
K34路(昆明南站--经开区管委会(春漫大道)),K35路(大渔公园--昆明南站),2
K34路(昆明南站--经开区管委会(春漫大道)),K48路(海子村水库--信息产业基地车场),1
K34路(昆明南站--经开区管委会(春漫大道)),K53路(逸园--新册公交枢纽站),2
K34路(昆明南站--经开区管委会(春漫大道)),K57路(市委(朝云街)--果林水库南),1
K34路(昆明南站--经开区管委会(春漫大道)),Z92路(洛龙村(祥和街)--白龙潭B园1号门),3
K35路(大渔公园--昆明南站),K36路甲线(昆明南站--昆明南站),2
K35路(大渔公园--昆明南站),K37路(昆明南站--高新区管委会(马金铺)),1
K35路(大渔公园--昆明南站),Z8路(昆明南站西广场--雨花公交枢纽站),1
K36路甲线(昆明南站--昆明南站),K36路甲线(昆明南站--昆明南站),5
K36路甲线(昆明南站--昆明南站),K37路(昆明南站--高新区管委会(马金铺)),3
K36路甲线(昆明南站--昆明南站),K38路(皇冠假日酒店--昆明南站),1
K36路甲线(昆明南站--昆明南站),Z55路(雨花公交枢纽站--云艺公共教学楼),2
K36路甲线(昆明南站--昆明南站),Z8路(昆明南站西广场--雨花公交枢纽站),1
K37路(昆明南站--高新区管委会(马金铺)),K38路(皇冠假日酒店--昆明南站),1
K37路(昆明南站--高新区管委会(马金铺)),K39路(昆明南站--东部公交枢纽站),1
K37路(昆明南站--高新区管委会(马金铺)),K44路(左所村--化城北口),3
K37路(昆明南站--高新区管委会(马金铺)),K49路(庄子社区--化城南口),1
K37路(昆明南站--高新区管委会(马金铺)),Z15路(高新区管委会(马金铺)--雨花公交枢纽站),1
K38路(皇冠假日酒店--昆明南站),K39路(昆明南站--东部公交枢纽站),2
K38路(皇冠假日酒店--昆明南站),K41路(昆明南站--西部客运站(昆州路)),3
K38路(皇冠假日酒店--昆明南站),K42路(昆明南站--西北部公交枢纽站),1
K39路(昆明南站--东部公交枢纽站),K40路(昆明南站--螺蛳湾公交枢纽站),5
K39路(昆明南站--东部公交枢纽站),K42路(昆明南站--西北部公交枢纽站),1
K39路(昆明南站--东部公交枢纽站),K43路(昆明南站--北部公交枢纽站),3
K40路(昆明南站--螺蛳湾公交枢纽站),K41路(昆明南站--西部客运站(昆州路)),2
K40路(昆明南站--螺蛳湾公交枢纽站),K42路(昆明南站--西北部公交枢纽站),3
K40路(昆明南站--螺蛳湾公交枢纽站),Z105路(彩云南路口(朝云街)--众和康园南门),1
K41路(昆明南站--西部客运站(昆州路)),K42路(昆明南站--西北部公交枢纽站),2
K41路(昆明南站--西部客运站(昆州路)),K50路(西岳庙(海埂路)--海埂大坝车场),1
K41路(昆明南站--西部客运站(昆州路)),Z3路(滇池路口(红塔东路)--前兴路公交枢纽站),1
K42路(昆明南站--西北部公交枢纽站),K43路(昆明南站--北部公交枢纽站),3
K42路(昆明南站--西北部公交枢纽站),K46路(大板桥公交车场--云桥村),1
K42路(昆明南站--西北部公交枢纽站),K51路(西岳庙(海埂路)--半岛车场),1
K43路(昆明南站--北部公交枢纽站),K54路(斗南花市东--巫家坝车场),2
K43路(昆明南站--北部公交枢纽站),Z11路(经开新加坡产业园--春融街地铁站B口),1
K43路(昆明南站--北部公交枢纽站),Z16路(6号路--王大桥),1
K43路(昆明南站--北部公交枢纽站),Z34路(子君村(彩云北路)--子君村(彩云北路)),1
K44路(左所村--化城北口),K45路(化城社区--化古城村(尚德街)),2
K44路(左所村--化城北口),K49路(庄子社区--化城南口),2
K45路(化城社区--化古城村(尚德街)),Z15路(高新区管委会(马金铺)--雨花公交枢纽站),1
K46路(大板桥公交车场--云桥村),K46路(大板桥公交车场--云桥村),3
K46路(大板桥公交车场--云桥村),Z1路(江州路口(源起街)--北市区车场),1
K48路(海子村水库--信息产业基地车场),K57路(市委(朝云街)--果林水库南),1
K48路(海子村水库--信息产业基地车场),Z22路(玉缘路口(顺通大道)--经开区管委会(春漫大道)),1
K48路(海子村水库--信息产业基地车场),Z36路(铁公鸡物流城--航天城),4
K49路(庄子社区--化城南口),Z15路(高新区管委会(马金铺)--雨花公交枢纽站),2
K50路(西岳庙(海埂路)--海埂大坝车场),K52路(昆明会展中心(国贸路)--眠山车场),2
K51路(西岳庙(海埂路)--半岛车场),Z60路(六甲村西(福保路口)--前兴路公交枢纽站),1
K51路(西岳庙(海埂路)--半岛车场),Z95路(半岛车场--体育中心),1
K52路(昆明会展中心(国贸路)--眠山车场),Z31路(黑林铺前街口--眠山车场),1
K53路(逸园--新册公交枢纽站),K57路(市委(朝云街)--果林水库南),1
K53路(逸园--新册公交枢纽站),Z11路(经开新加坡产业园--春融街地铁站B口),1
K53路(逸园--新册公交枢纽站),Z27路(春融街地铁站C口--白龙潭B园3号门),3
K54路(斗南花市东--巫家坝车场),Z25路(石碑村(兴呈路)--大洛羊社区),1
K54路(斗南花市东--巫家坝车场),Z50路(大都购物中心(彩云北路)--后所),1
K55路(大板桥地铁站--地铁机场前站),Z111路(沙沟段(临时站)--大板桥地铁站),1
K57路(市委(朝云街)--果林水库南),K58路(广福立交北--果林水库南),3
K57路(市委(朝云街)--果林水库南),Z92路(洛龙村(祥和街)--白龙潭B园1号门),1
K58路(广福立交北--果林水库南),Z22路(玉缘路口(顺通大道)--经开区管委会(春漫大道)),1
K58路(广福立交北--果林水库南),Z9路(螺蛳湾公交枢纽站--云景路中段),1
K6路(巫家坝车场--幸福邻里小区),K17路(193路快线)(东站(环城南路)--东部公交枢纽站),4
K7路(阳光花园小区(阳光中路)--巫家坝车场(雨龙路)),K50路(西岳庙(海埂路)--海埂大坝车场),1
K7路(阳光花园小区(阳光中路)--巫家坝车场(雨龙路)),K51路(西岳庙(海埂路)--半岛车场),1
K7路(阳光花园小区(阳光中路)--巫家坝车场(雨龙路)),K8路(官渡广场(国贸路)--篆塘),1
K8路(官渡广场(国贸路)--篆塘),K12路(107路快线)(经开区车场--东寺街),1
K8路(官渡广场(国贸路)--篆塘),Z2路(荷风路口(教场西路)--篆塘),1
K9路(77路快线)(正义路步行街--东部公交枢纽站),K17路(193路快线)(东站(环城南路)--东部公交枢纽站),1
K9路(77路快线)(正义路步行街--东部公交枢纽站),K18路(194路快线)(东部公交枢纽站--北市区车场),4
K9路(77路快线)(正义路步行街--东部公交枢纽站),Z16路(6号路--王大桥),1
Z105路(彩云南路口(朝云街)--众和康园南门),Z106路(石碑村(兴呈路)--众和康园南门),2
Z112路(东站(环城东路)--金马立交桥南口),Z118路(大树营--403厂小区),1
Z113路(马街(春雨路)--马街中村),Z151路(眠山车场--城市山小区),1
Z11路(经开新加坡产业园--春融街地铁站B口),Z105路(彩云南路口(朝云街)--众和康园南门),1
Z11路(经开新加坡产业园--春融街地铁站B口),Z27路(春融街地铁站C口--白龙潭B园3号门),1
Z130路(西昌路口(新闻路)--春苑小区),Z138路(小西门(人民西路)--篆塘),1
Z15路(高新区管委会(马金铺)--雨花公交枢纽站),Z26路(万峰街东口--雨花公交枢纽站),1
Z16路(6号路--王大桥),Z99路(西南林业大学(南院路)--东骧神骏小区二期),2
Z19路(宝泽路--羊甫头地铁站),Z141路(宝泽路--羊甫头地铁站),1
Z19路(宝泽路--羊甫头地铁站),Z22路(玉缘路口(顺通大道)--经开区管委会(春漫大道)),1
Z19路(宝泽路--羊甫头地铁站),Z58路(大都购物中心(彩云北路)--昆明学院博文楼),1
Z1路(江州路口(源起街)--北市区车场),Z58路(大都购物中心(彩云北路)--昆明学院博文楼),1
Z1路(江州路口(源起街)--北市区车场),Z65路(颐惠园小区--司家营(北京路)),2
Z20路(锦苑花园(日新东路)--前兴路公交枢纽站),Z60路(六甲村西(福保路口)--前兴路公交枢纽站),1
Z24路(梅子村北--下可乐村),Z25路(石碑村(兴呈路)--大洛羊社区),4
Z25路(石碑村(兴呈路)--大洛羊社区),Z29路(呈贡龙街--春融街地铁站C口),2
Z26路(万峰街东口--雨花公交枢纽站),Z51路(民族大学芷苑餐厅--雨花公交枢纽站),1
Z27路(春融街地铁站C口--白龙潭B园3号门),Z28路(滇池星城小区(海湖路)--春融街地铁站C口),2
Z27路(春融街地铁站C口--白龙潭B园3号门),Z92路(洛龙村(祥和街)--白龙潭B园1号门),4
Z28路(滇池星城小区(海湖路)--春融街地铁站C口),Z29路(呈贡龙街--春融街地铁站C口),1
Z28路(滇池星城小区(海湖路)--春融街地铁站C口),Z92路(洛龙村(祥和街)--白龙潭B园1号门),1
Z29路(呈贡龙街--春融街地铁站C口),Z122路(万达商业广场--众和康园),1
Z29路(呈贡龙街--春融街地铁站C口),Z92路(洛龙村(祥和街)--白龙潭B园1号门),1
Z30路(南坝(望江路)--海雅路口(海宏路)),Z61路(海蓝路口(海宏路)--前兴路公交枢纽站),1
Z31路(黑林铺前街口--眠山车场),Z41路(大漾田公交首末站--黄土坡),1
Z31路(黑林铺前街口--眠山车场),Z62路(龙院村--眠山车场),1
Z34路(子君村(彩云北路)--子君村(彩云北路)),Z34路(子君村(彩云北路)--子君村(彩云北路)),1
Z34路(子君村(彩云北路)--子君村(彩云北路)),Z49路(子君村(彩云北路)--螺蛳湾二期车场),2
Z38路(白沙润园小区北--北京路口(北辰大道)),Z110路(东部公交枢纽站--白沙润园小区北),5
Z38路(白沙润园小区北--北京路口(北辰大道)),Z43路(溪畔丽景小区--月牙潭公园),1
Z39路(水节箐新村下段--西北部公交枢纽站(小屯路)),Z41路(大漾田公交首末站--黄土坡),1
Z3路(滇池路口(红塔东路)--前兴路公交枢纽站),Z4路(环湖东路北口--前兴路公交枢纽站),3
Z41路(大漾田公交首末站--黄土坡),Z62路(龙院村--眠山车场),2
Z43路(溪畔丽景小区--月牙潭公园),Z97路(北京路口(北辰大道)--盛唐城3号门),1
Z48路(小古城--螺蛳湾公交枢纽站(怡安路)),Z125路(俊福花城--螺蛳湾公交枢纽站(怡安路)),1
Z4路(环湖东路北口--前兴路公交枢纽站),Z20路(锦苑花园(日新东路)--前兴路公交枢纽站),1
Z4路(环湖东路北口--前兴路公交枢纽站),Z60路(六甲村西(福保路口)--前兴路公交枢纽站),1
Z50路(大都购物中心(彩云北路)--后所),Z58路(大都购物中心(彩云北路)--昆明学院博文楼),1
Z51路(民族大学芷苑餐厅--雨花公交枢纽站),Z55路(雨花公交枢纽站--云艺公共教学楼),1
Z58路(大都购物中心(彩云北路)--昆明学院博文楼),Z78路(长水机场航站楼--长水航城凌霄苑),1
Z58路(大都购物中心(彩云北路)--昆明学院博文楼),Z96路(大都购物中心(彩云北路)--半岛车场),1
Z60路(六甲村西(福保路口)--前兴路公交枢纽站),Z61路(海蓝路口(海宏路)--前兴路公交枢纽站),1
Z61路(海蓝路口(海宏路)--前兴路公交枢纽站),Z120路(金牛小区--前兴路公交枢纽站),1
Z62路(龙院村--眠山车场),Z86路(眠山车场--眠山车场),1
Z66路(农业大学蜂学楼--北市区车场),Z70路(羊肠村地铁站--半山七哩溪小区),1
Z86路(眠山车场--眠山车场),Z119路(西苑立交桥--眠山车场),1
Z86路(眠山车场--眠山车场),Z86路(眠山车场--眠山车场),1
Z87路(马街--西山区政府(秀苑路)),Z113路(马街(春雨路)--马街中村),1
Z8路(昆明南站西广场--雨花公交枢纽站),Z15路(高新区管委会(马金铺)--雨花公交枢纽站),1
Z8路(昆明南站西广场--雨花公交枢纽站),Z26路(万峰街东口--雨花公交枢纽站),1
Z92路(洛龙村(祥和街)--白龙潭B园1号门),Z105路(彩云南路口(朝云街)--众和康园南门),1
